,VendorID,Liaison,Phone
0,1,"Rodriguez, Figueroa and Sanchez",+1-210-343-3218x1960
1,2,Baldwin Ltd,538.990.8386
2,3,Blair PLC,001-740-326-5423
3,4,James Group,361-855-9407
4,5,Underwood LLC,584-695-9310
5,6,"Patterson, Silva and Cox",731-564-7525
6,7,Rice-Maddox,+1-241-592-8327x64835
7,8,Stanton-Gill,9568413953
8,9,"Nguyen, Smith and Hickman",+1-772-542-3884x9696
9,10,Hickman Ltd,(387)810-1226
10,11,"Hall, Robinson and Jones",(897)484-8018x4514
11,12,"Kennedy, Mueller and Aguirre",704.482.8148x932
12,13,Lee PLC,+1-680-595-7015
13,14,Lewis-Morales,4399117182
14,15,"Fitzgerald, Brown and Edwards",+1-624-889-6383
15,16,Wilson-Zamora,+1-557-287-1331x50983
16,17,Allen-Foster,603-910-5183
17,18,"Turner, Riggs and Roman",582.399.7376
18,19,Harris-Walters,865-766-7010
19,20,Arnold-Patterson,633-938-7262
20,21,Fleming Ltd,517.481.0801
21,22,Pham-Shields,(977)436-0260x64746
22,23,"Lee, Murphy and Lin",243.909.8050
23,24,"Wilson, Lam and Lee",582.208.1219x13619
24,25,"Parker, Ortiz and Powell",+1-816-499-8543x534
25,26,"Pena, Marshall and Ramos",+1-647-451-0799x11838
26,27,Drake and Sons,(613)354-2784x980
27,28,Hernandez Ltd,(541)718-2449
28,29,"Larson, Dodson and Vance",248.274.0164
29,30,Flores-Fernandez,724-427-8680x11280
30,31,Stein-Silva,(420)545-0533x15869
31,32,Freeman LLC,(426)302-5634
32,33,Williams Group,(707)633-7543x3036
33,34,Webster and Sons,645-486-8501
34,35,"Stuart, Higgins and Strickland",001-340-819-6556
35,36,Garcia LLC,001-734-806-0883
36,37,Hamilton LLC,759-851-4846
37,38,Keith-Sanchez,001-248-623-6629x946
38,39,"Vaughan, Miller and Cortez",336-699-5777x3872
39,40,"Cooper, Barajas and Pierce",395.913.4332x00379
40,41,"Lawrence, Wolf and Carlson",(993)267-6320x16328
41,42,"Raymond, Little and Mullins",+1-731-972-7889
42,43,Vasquez-Ray,+1-986-587-2774x348
43,44,Dalton-Branch,571-843-4558x122
44,45,Hayes-Wheeler,001-823-816-6587x603
45,46,Brown LLC,001-590-996-7054x66889
46,47,Hayden PLC,946.470.6562
47,48,"Olsen, Costa and Harrison",+1-280-669-9016x272
48,49,"Bryan, Smith and Booth",(253)775-5646x4170
49,50,Johnson Ltd,510.403.3092
50,51,"Collier, Jimenez and Moran",319.237.4529x9124
51,52,Barber-Monroe,296-763-1931x4919
52,53,"Kennedy, Mcintyre and James",+1-365-818-5067
53,54,Ortiz Ltd,(672)762-8498x776
54,55,Williamson and Sons,714.273.7996
55,56,Knight-Sparks,552.373.5454x9480
56,57,"Smith, Ballard and Santana",367.683.7770
57,58,Armstrong-Andrews,763.849.5788
58,59,"Becker, Taylor and Davis",001-485-557-4443x1351
59,60,"Walter, Diaz and Shaw",674.598.9413
60,61,Richardson-Curry,(924)308-2400x842
61,62,Taylor Inc,6949777520
62,63,"Wood, Ramos and Sampson",616-371-9022
63,64,Jones PLC,818.969.9938
64,65,Lindsey-Rodriguez,649.364.9909x133
65,66,Alvarez LLC,(932)681-2067
66,67,Joseph-Wallace,5348471349
67,68,"Jacobs, Garcia and Miles",683-624-2102
68,69,"Leblanc, Jones and Decker",217.846.4887x719
69,70,Parrish-Griffith,001-459-940-1399x0490
70,71,Bruce-Villegas,474.729.6717x56551
71,72,"Sandoval, Jones and Figueroa",(274)968-0715x45168
72,73,Moore PLC,(903)985-9770x34824
73,74,Rodriguez-Gregory,809-332-4808
74,75,Jimenez Group,817.912.7484
75,76,"Patterson, Sullivan and Bowman",737.682.6398x2146
76,77,Reese-Walker,9447997278
77,78,Morrison Ltd,988-867-5339x63605
78,79,"Turner, Hill and Brown",(227)402-8951x7187
79,80,"Best, Stevenson and Williams",(221)374-5961x58657
80,81,Williams Ltd,643.216.1172
81,82,Grant Group,8504455623
82,83,"Warner, Valentine and Osborn",(421)596-9379
83,84,Cooke and Sons,647.840.7482x175
84,85,"Wise, Lamb and Martin",001-647-643-6713x695
85,86,Gregory-Hudson,5647090974
86,87,"Singleton, Rosales and Mitchell",239.742.1047
87,88,Shaw-Young,001-621-445-6232x8588
88,89,"Harrison, Gilbert and Bullock",374-851-7123x685
89,90,"Bauer, Bryant and Rodriguez",7483175496
90,91,Mills LLC,+1-437-209-8593x17461
91,92,Kelly Inc,9477113826
92,93,Harris-Moody,+1-986-992-6179x64053
93,94,"Rivera, Martinez and Richardson",551.358.5064
94,95,Garcia-Murphy,513.590.0532x931
95,96,"Shelton, Cisneros and Thomas",652.490.4228
96,97,Sanders-Banks,402-605-3950
97,98,Martinez Inc,3269811775
98,99,Tyler Inc,939.308.4700x76617
99,100,Day-Cole,759-821-2499
100,101,Singleton-King,+1-984-578-9611x836
101,102,Williams Ltd,(357)366-1565x45271
102,103,Gonzales Group,761-352-8098
103,104,Thomas Inc,(556)304-9451x98327
104,105,Landry PLC,(285)614-9368x998
105,106,Diaz-Morales,8243455022
106,107,"Mcmillan, Fischer and Gonzalez",(401)783-6675
107,108,Ewing-Stevenson,859-991-0229x0147
108,109,Coffey-Patton,+1-976-643-8156x149
109,110,"Rodriguez, Smith and Edwards",4366900343
110,111,"Mendoza, Bennett and Frye",751-307-6226x8388
111,112,"Bush, Stewart and Bailey",(306)807-1596x9664
112,113,Harris PLC,5528975161
113,114,Smith PLC,001-468-316-4535
114,115,Gentry and Sons,418.383.5523x12432
115,116,Nelson-Lamb,(777)499-7995
116,117,Lopez and Sons,917.974.4905x814
117,118,Marshall and Sons,8059411998
118,119,"Durham, Todd and Pham",001-480-279-3597
119,120,"Hernandez, Murphy and Meyer",415.718.2037x788
120,121,Hansen Ltd,(846)665-9051x518
121,122,Ortiz-Mack,392-651-9254x629
122,123,Good Group,+1-265-728-1685
123,124,Harper-Warner,223-757-3322x1418
124,125,"Flores, Harper and Chambers",001-592-996-2229x27065
125,126,Horton-Russell,+1-947-638-3473x597
126,127,Sanchez-Harris,001-368-386-2392x40758
127,128,"Robinson, Clark and Meadows",812-247-8261x3750
128,129,Garcia-Zavala,(485)236-1530x5152
129,130,Hudson-Sanchez,872-377-9010x4328
130,131,Taylor-Mccoy,001-243-541-0369x71179
131,132,"Jenkins, Smith and Bowen",001-724-360-9539x621
132,133,"Perez, Sutton and Abbott",388.788.0670x65405
133,134,Knight-Hodge,419.952.0585
134,135,Mcfarland LLC,001-772-621-7043x030
135,136,"Taylor, Hinton and Ramsey",868.874.0345x05415
136,137,Frazier Ltd,001-876-452-7758x4161
137,138,Garcia-Miller,+1-845-411-5447
138,139,"Santana, Stein and Spence",001-775-470-5964x016
139,140,Washington-Jones,7298702135
140,141,"Taylor, Flores and Valentine",001-409-727-5571
141,142,Velasquez-Long,(654)931-0278x6814
142,143,"Jones, Abbott and Pope",494.973.1217
143,144,"Little, Miller and Mack",455-718-8442
144,145,"Vaughn, Hernandez and Cuevas",431.332.3705x89578
145,146,Williams-Page,446-778-6691
146,147,"Lopez, Davidson and Reynolds",+1-217-378-5289x2268
147,148,"Garcia, Wiggins and Lopez",624.422.5358x41438
148,149,"Mcbride, Sellers and Lawrence",+1-749-281-8299x2299
149,150,Lopez-Reid,2109943969
150,151,Lee Group,+1-884-947-3647x1027
151,152,"Newton, Cannon and Dunn",335.792.5556x258
152,153,Fitzgerald Ltd,671.847.3210
153,154,Callahan-Bishop,+1-963-625-9532x787
154,155,Taylor Group,901.968.7339x5004
155,156,"Perry, Hayes and Schultz",580-716-2456x5060
156,157,"Sanders, Donaldson and Summers",+1-341-468-7849
157,158,Braun Group,865-258-5239
158,159,"Torres, Lyons and Young",4027578729
159,160,"Cooper, Martinez and Dalton",+1-652-969-4958x887
160,161,Jones PLC,9556169409
161,162,Mosley and Sons,+1-299-330-9728x9623
162,163,"Griffith, Mitchell and Pugh",907.256.2636
163,164,Allen Ltd,001-728-738-5786x527
164,165,Smith Inc,+1-749-973-3484x34437
165,166,"Medina, Hernandez and Miller",(284)641-9866x524
166,167,Middleton Inc,001-415-374-7338x484
167,168,Brady LLC,+1-993-330-8330x165
168,169,"Jackson, Moore and Ayala",+1-520-282-6773x45401
169,170,"Pratt, Klein and Rios",(262)606-7240
170,171,Wiley LLC,001-491-954-7887
171,172,"Mccullough, Hodges and Sanchez",531-452-7420x549
172,173,"Bird, Barnes and Woodward",+1-566-285-1612x275
173,174,Carpenter PLC,563-274-5499x045
174,175,"Decker, Nguyen and Chavez",+1-417-942-6841x45933
175,176,Parker-Baker,(579)356-8783
176,177,Green-Ewing,478.751.9108x83982
177,178,Gonzalez Group,971.239.7187x07286
178,179,Williams Group,+1-374-206-4039
179,180,Stephenson-Johnson,(851)980-1704x62265
180,181,Mccoy PLC,(261)282-5128x6823
181,182,"Robinson, Huang and Osborne",378-268-6337x5243
182,183,Gallagher and Sons,+1-269-803-3119x07903
183,184,"Parker, Henry and Davis",738.530.2843x959
184,185,Brown-Hernandez,928-236-4408x9268
185,186,Banks-Thompson,(568)556-6246x287
186,187,Zuniga and Sons,527-708-6688x2634
187,188,Le Inc,+1-317-551-8304x6990
188,189,Smith-Green,001-598-837-3540x33173
189,190,"Preston, Moore and Garcia",685.746.7854
190,191,Smith-Miller,277.617.5355x60932
191,192,Mcclure-Wood,+1-899-564-2353
192,193,Randall PLC,485.247.7725x2287
193,194,Stanton and Sons,701.200.6231x20387
194,195,Stone-Stark,+1-697-670-0886x008
195,196,Hart Inc,5866211823
196,197,Vaughn-Williams,(246)315-6793x341
197,198,Jacobs-Davis,(366)287-0021x7659
198,199,Johnson Inc,239.474.0148
199,200,"Arnold, Cooper and Monroe",703-892-6142x93968
200,201,Wells and Sons,001-821-785-0163x15999
201,202,King-Owens,4478735866
202,203,Douglas-Farley,494-831-1426
203,204,Aguilar PLC,951-810-4754x12126
204,205,Hardy-Hansen,801-258-1995
205,206,"Carter, York and Ruiz",666-618-3982x6224
206,207,"Orozco, Hatfield and Thomas",921.526.4647x1543
207,208,Mendez Ltd,812.440.6596x575
208,209,Perez LLC,759-837-5265x4793
209,210,Christensen-Martin,565-919-3982x807
210,211,Norris Group,916-872-4342x6617
211,212,"Higgins, Wilson and Wilson",+1-386-580-5891
212,213,"Fitzpatrick, Rivera and Smith",+1-552-990-9656x10143
213,214,Williams-Li,(367)398-2507x146
214,215,Friedman-Adams,001-925-745-7387x5717
215,216,"Mercado, Jackson and Anderson",440-410-5123
216,217,Clay Group,886-873-6226x60937
217,218,"Wright, Reed and Rhodes",7337419182
218,219,Pierce Group,871.347.8596
219,220,Conner PLC,(557)692-4991x251
220,221,Davis Ltd,825-828-6692
221,222,"Ortiz, King and Gonzalez",(478)728-2742
222,223,"Taylor, Porter and Moreno",890.950.7236x887
223,224,Gordon-Cruz,(477)921-9034x04384
224,225,"Doyle, Spencer and Robinson",001-778-281-9148
225,226,"Duncan, Contreras and Butler",001-378-536-1340x74517
226,227,"Mueller, Harris and Weaver",595.296.2923
227,228,Manning and Sons,001-658-649-8254
228,229,Martin LLC,412.660.4223x25367
229,230,Bowers LLC,+1-266-371-1684x5775
230,231,Clements PLC,001-775-418-6363x7454
231,232,Robertson-Hicks,001-475-900-1701
232,233,"Rowe, Lucas and Case",706.432.4241x541
233,234,Mccoy-Hamilton,9643361103
234,235,Buchanan-Turner,(893)487-0051
235,236,Choi-Thomas,413.361.1155x4262
236,237,Martin and Sons,390.492.7532x69731
237,238,Lambert and Sons,001-619-265-6523x41389
238,239,Aguirre-Benjamin,+1-543-989-8364x03761
239,240,Tucker-Rodriguez,+1-491-980-5526x9658
240,241,Escobar PLC,001-810-891-0430x06848
241,242,"Sutton, Todd and Taylor",001-561-488-9241x418
242,243,"Clark, Velez and Ward",+1-556-391-4630
243,244,Roth-Reed,(717)699-0421x02027
244,245,"Hall, Shepherd and Cortez",(352)641-0564
245,246,Brown LLC,001-491-677-8507x925
246,247,Dillon-Jackson,001-419-413-8000x30756
247,248,Mills PLC,3867353654
248,249,Golden-Wolfe,980-623-8061
249,250,Lane Inc,001-945-718-7053x49493
250,251,Carr-Braun,001-573-783-2060
251,252,Logan-Avery,+1-405-606-4138x3670
252,253,Davis-Baker,303-486-5719
253,254,Bowers PLC,+1-761-799-0623x4456
254,255,Willis-Holmes,943.713.2912x127
255,256,"Smith, Thompson and Hunter",(218)553-7474x11249
256,257,Todd Group,521-335-6804x42067
257,258,Mitchell Group,612.310.0323x651
258,259,Harris and Sons,9132721510
259,260,White-Duran,(796)567-0662
260,261,Stewart-Smith,(544)672-0999
261,262,White-Coleman,268.870.1462x6383
262,263,Thomas Ltd,001-257-787-5985x642
263,264,"Williams, Garcia and Martin",+1-530-540-7859x321
264,265,"Mccarty, Gonzalez and Johnston",780-239-6522x395
265,266,"Morton, Rogers and Welch",001-259-392-9378x427
266,267,"Sheppard, Gutierrez and White",5394308705
267,268,"Hubbard, Miller and Baker",325-700-2921x85156
268,269,Mcdonald-Pitts,452-826-7528x9539
269,270,Parker-Gutierrez,542-320-9690x2959
270,271,Yates-Harper,525.513.5521x5704
271,272,Garrett-Black,001-915-841-0067x626
272,273,Hernandez PLC,(286)717-9327x104
273,274,Ford-Moody,911-252-6218x159
274,275,"Vang, Gonzalez and Moss",(629)662-0153x36884
275,276,Little-Gonzalez,710.269.8720
276,277,Novak PLC,(614)897-3103x24171
277,278,Freeman LLC,674.918.6256x5270
278,279,Oconnor-Hill,543.249.0211x586
279,280,"Allen, Le and Barrett",(486)387-9374x1608
280,281,Rodriguez and Sons,001-672-723-3206x16329
281,282,Mcdonald Ltd,001-811-368-6854x8709
282,283,Hardy PLC,(622)899-9119x14856
283,284,Sandoval-Ferguson,+1-279-897-0246x2996
284,285,Nixon-West,430-674-5054x44713
285,286,"Hawkins, Howe and Moore",001-775-246-9137x3678
286,287,Carroll-Robinson,521.248.6289x02330
287,288,Miller-Brown,705.934.5786x103
288,289,"Walker, Williams and Dennis",+1-272-879-8552x414
289,290,Miller-Shaw,2292333346
290,291,Cohen-Johnston,922.690.3494x4665
291,292,"Thomas, Williams and Meyers",774.689.6910
292,293,Benson-Rodriguez,517-215-4544x4328
293,294,"Escobar, Rose and Scott",+1-565-720-7446x660
294,295,Carter Ltd,001-438-675-8428x2417
295,296,"Moore, Reed and Bell",001-682-951-3534x6554
296,297,"Salas, Parks and Butler",370-899-9173
297,298,"Browning, Jordan and Stout",346.902.2356x97252
298,299,Beard-Gutierrez,825-800-7432x92712
299,300,Miller-Chan,(267)260-0835x0583
300,301,Duran-Smith,+1-233-654-2168x9421
301,302,Cortez-Long,878-298-5625x7532
302,303,"Hubbard, Estes and Lee",732.230.9821
303,304,Morris-Johnson,(848)390-9010x0167
304,305,Acosta-Hester,+1-647-423-0461
305,306,Barnes LLC,(518)791-4117x39348
306,307,"Alvarez, Ortiz and Miller",001-264-320-8737x530
307,308,"Evans, Knapp and Williams",597-921-8114
308,309,Bridges-Brown,247-201-2045x5611
309,310,Green-Andrews,(725)457-9415
310,311,"Duarte, Gutierrez and Cook",366-474-6762
311,312,"Gilbert, Johnson and Thompson",001-702-216-9797x296
312,313,Clark Ltd,+1-527-771-6701x45089
313,314,Thornton-Edwards,489.916.3756x28900
314,315,Strickland Inc,821.575.3540x8386
315,316,"Hancock, Wilson and Collins",377-997-1775
316,317,Gonzalez-Mitchell,001-501-966-0880x1994
317,318,Jones PLC,550-237-5899x75711
318,319,"Griffin, Kelly and Cook",554-588-5102x72614
319,320,"Miranda, Ruiz and Meza",363-973-5160
320,321,Jones Inc,498.427.0808x697
321,322,Oliver PLC,001-821-769-9586x6934
322,323,"Miller, Galvan and Andrews",572-626-9848x5833
323,324,"Keller, Davis and Montoya",+1-652-828-8515x87996
324,325,"Haas, Cooper and Davis",6814062003
325,326,Young Ltd,542-804-3805x7198
326,327,Roberts Ltd,284.206.6658
327,328,"Munoz, Simmons and White",001-943-497-3598x9334
328,329,Good PLC,+1-612-228-1606x48422
329,330,"Harmon, Horne and Miller",372-702-5909x47985
330,331,Neal PLC,532.781.8268x86153
331,332,King-Gilbert,554-239-8780x15739
332,333,Coffey PLC,+1-956-216-4840x85887
333,334,Jackson Group,835-381-1288x0133
334,335,Hardin Ltd,386.312.0750
335,336,Kelley-Chambers,8249819346
336,337,Mays Ltd,+1-366-750-6180x9190
337,338,Guerrero-Jones,514.449.1476x60728
338,339,Vasquez and Sons,001-268-842-4508x8210
339,340,Mosley and Sons,+1-481-443-5368
340,341,Fernandez Inc,(939)343-1290
341,342,"Harris, Spencer and Ponce",314-513-9755x2314
342,343,"Allen, Price and Sparks",277-759-4929x95562
343,344,"Hall, Jones and Moss",936.745.2577
344,345,Conley Inc,001-347-281-2914x28341
345,346,Copeland-Mcguire,709.896.9308x48872
346,347,Sanchez-Perkins,794.227.8816
347,348,Schwartz-Harris,+1-239-528-2722x99275
348,349,Wilson PLC,001-273-214-5303x85677
349,350,"Anthony, Pruitt and Jimenez",+1-351-684-4989x2665
350,351,"Williams, Medina and Moore",(438)565-5779x0827
351,352,Perez-Young,384-532-2259
352,353,Chen LLC,(451)477-7392x60302
353,354,Tanner PLC,+1-280-692-0242x8699
354,355,Ramirez-Blair,437-497-7236
355,356,"Johnson, Schmidt and Mendoza",+1-484-325-7991x366
356,357,Smith Ltd,9382862912
357,358,Schmidt-Phillips,+1-881-817-2980
358,359,Richardson-Wong,(408)663-7659x916
359,360,Mullins and Sons,331.249.8643x0098
360,361,Oliver-Marsh,(735)665-1269x4486
361,362,Meyer Ltd,+1-763-868-8725x88744
362,363,"Newman, Jenkins and Cooper",001-221-437-2138x6589
363,364,Gomez Group,(201)827-9611x4351
364,365,"Martinez, Green and Lopez",(598)249-0277x0384
365,366,Gould LLC,+1-688-839-2053x021
366,367,Norris-Dennis,(766)793-8011x848
367,368,Harrington LLC,339-337-6904x268
368,369,Hughes-Smith,745.918.4894x76973
369,370,"Miller, Clark and Wells",+1-279-607-1416x33565
370,371,Carson LLC,741.765.1827
371,372,Wilson LLC,694.523.7333
372,373,Murray-Steele,933.295.2111
373,374,"Marsh, Nelson and Wolfe",001-880-575-9579x47284
374,375,"Austin, Guerra and Fox",001-392-908-6780x85627
375,376,"Gallagher, Peterson and Mckinney",500-636-9155x94284
376,377,"Hines, Rodriguez and Smith",995.452.7636x5564
377,378,Lambert Inc,001-829-531-4386
378,379,"Lee, Campbell and Winters",(727)902-6728
379,380,Zavala-Coleman,948-790-6120x3471
380,381,Murphy Inc,555-488-4506x159
381,382,Kim-Barrett,001-745-858-7716x94722
382,383,Hardy-Ramirez,+1-899-661-1253x5544
383,384,Garcia Inc,359.587.6220x234
384,385,Harris-Bates,(861)311-7800
385,386,Thompson Ltd,649-921-6433
386,387,Baker-Garza,+1-922-482-0055x7784
387,388,Reed-Howard,001-982-599-7968x845
388,389,"Robertson, Fisher and Smith",274-456-4240
389,390,Cox-Graham,(547)280-7740x649
390,391,Simmons-Reed,+1-853-868-6632
391,392,Powers-Kelley,641.863.8944
392,393,Michael-Barber,612.924.1797
393,394,"Harris, Gutierrez and Colon",650.620.8021
394,395,"Esparza, Henderson and Bullock",(770)831-2073
395,396,Guzman-Camacho,975-470-5120x4618
396,397,Mejia LLC,246.501.3673
397,398,Lyons-Rodriguez,318.637.6452x088
398,399,Parker-Mullen,343.850.3136x5024
399,400,"Stewart, Burnett and Newman",500.497.9251
400,401,Fisher-Daniel,719.750.0528x1273
401,402,"Jenkins, Ayers and Hayes",930.565.2407x784
402,403,Smith Inc,001-428-355-7498
403,404,Smith PLC,727.544.8570x86209
404,405,Acosta-Lopez,318-363-8782x94565
405,406,Anderson-Morris,910.622.0317x31096
406,407,"Harvey, Turner and Foster",9532910371
407,408,Porter LLC,(586)350-9480x141
408,409,Johnson LLC,438-863-3839
409,410,Martinez Inc,001-419-957-6122x8685
410,411,"Davis, Murphy and Mitchell",(558)855-6659x398
411,412,Rivera Inc,001-684-257-7600x49082
412,413,Smith and Sons,233-950-4888x9921
413,414,Collier PLC,(822)545-9334x419
414,415,Williams LLC,001-315-272-7919x4096
415,416,"Patterson, Carroll and Arnold",001-755-466-1390x60480
416,417,Wilson Ltd,883-420-6799x81364
417,418,Burgess PLC,(351)879-0864
418,419,"Ward, Nunez and Vaughn",562.527.8376x93898
419,420,"Lee, Turner and Ford",746-759-1166
420,421,Cook Inc,955.490.4259
421,422,Ray-Tran,603.235.2110x392
422,423,Hall-Robinson,914-477-0538x33884
423,424,Anderson-Gonzalez,001-606-298-0420x439
424,425,Martinez and Sons,301.764.5104x636
425,426,Romero and Sons,698.712.3878x0038
426,427,Allison Group,862.205.5543x8404
427,428,Hardin-Villanueva,+1-543-825-6216
428,429,Levine Ltd,492.564.9578
429,430,Miller-Medina,+1-729-383-2482x6292
430,431,Collier LLC,+1-881-625-2056
431,432,Trujillo PLC,542.531.2209x949
432,433,Garcia-Dawson,705.417.2897
433,434,Barajas-Barker,(577)522-3306x0463
434,435,"Wood, Crane and Guzman",827-297-5736
435,436,Small-Lewis,+1-965-969-9988x081
436,437,Contreras-Hernandez,2385860868
437,438,Schneider Inc,976-944-7264x9082
438,439,Buchanan-Sanchez,781-929-8266
439,440,Petty PLC,4273937145
440,441,Reeves LLC,417-851-8689
441,442,Adams LLC,+1-460-225-9222
442,443,Griffin-Mathis,(944)974-2123x09407
443,444,Delgado-Jackson,+1-809-973-3977
444,445,Davis-Hale,599-203-8498
445,446,"Chavez, Sanchez and Bird",(620)750-2099
446,447,"Jones, Johnson and Collier",401-962-2499
447,448,Becker-Fletcher,001-695-901-4556x1681
448,449,Rodriguez-Ramirez,(214)358-6833
449,450,"Johnson, Booker and Byrd",001-681-779-4695
450,451,Holmes-Williams,(599)678-7729
451,452,Stark and Sons,801.207.1396
452,453,Benjamin Inc,258-330-3441x44885
453,454,Ellison Group,+1-455-969-9023x55770
454,455,"Hanson, Chavez and Marshall",(778)257-6084
455,456,Walsh LLC,895.451.2405
456,457,"Rowe, Hernandez and Parker",001-696-829-1450
457,458,Lopez-Alvarez,473-357-4384
458,459,"Hall, Hanson and Allen",(903)617-8078x235
459,460,"Willis, Cannon and Williams",001-252-318-2307x68104
460,461,Smith Ltd,670-718-4094x35334
461,462,Johns-Jones,001-771-742-2410x98813
462,463,"Phillips, Hernandez and Wright",224-493-2149x587
463,464,"Brooks, Neal and Baldwin",4709160166
464,465,Scott-Miller,+1-354-953-8179x217
465,466,Ballard-Stewart,977-933-2945x6255
466,467,Leonard LLC,7174157724
467,468,"Smith, Valdez and Hays",516.415.8148x76963
468,469,Singleton-Patterson,361.953.9669x5832
469,470,Farmer-Vaughn,699-875-8172
470,471,"Hayden, Fowler and Torres",591-496-5701
471,472,"Jones, Brown and Stone",001-902-527-8469
472,473,Reynolds-Mckinney,254.894.6519
473,474,Ford-Williams,(340)658-0085
474,475,Long Inc,8365965666
475,476,Hayes-King,+1-327-223-8656x24220
476,477,"Stark, Murphy and Goodman",(876)421-2679
477,478,Jones Inc,986.587.6532x690
478,479,Brooks and Sons,001-384-968-9500x975
479,480,Ramsey Inc,001-912-384-7818x913
480,481,Valdez-Smith,+1-789-849-0580x77879
481,482,"Moody, Nielsen and Carroll",(444)220-9494x079
482,483,"Harmon, Gordon and Bush",+1-649-604-7128x14429
483,484,Bennett Ltd,901-492-9275x243
484,485,Perez Ltd,705.212.9276x63723
485,486,Mckay Inc,+1-841-902-7674x7836
486,487,Sanchez and Sons,728-860-4765x801
487,488,Wagner-Moss,+1-545-744-1496x739
488,489,Brooks-Obrien,+1-525-680-0106x18175
489,490,Cruz-Parker,330-409-1093x911
490,491,Reid-Richardson,(692)412-4471x7465
491,492,"Hernandez, Jacobs and Blackburn",001-514-806-6504x42717
492,493,"Kent, Liu and Martin",(971)628-6391
493,494,"Parker, Benitez and Velasquez",401-219-4707
494,495,"Fry, Hayes and Olsen",9649256908
495,496,Martinez-Brown,(861)283-0671x98554
496,497,"Conner, Bennett and Meyer",+1-515-685-1743x2806
497,498,Smith Ltd,001-561-957-1732x030
498,499,Smith-Ward,(818)347-8700x5050
499,500,Navarro LLC,487.982.9310
