,CustomerID,FirstName,LastName,Email,Phone,Address
0,1,Tiffany,Brown,xwyatt@example.com,8229625700,"27347 Perry Walks
New Paulaland, OK 52276"
1,2,Emily,Keith,douglasmeyer@example.net,001-224-515-2696x903,"2212 David Rapid Apt. 438
Jonesburgh, WA 93831"
2,3,Kimberly,Hernandez,lorichavez@example.org,286.783.1209,"28219 Porter Skyway Apt. 247
East Amyberg, FL 12173"
3,4,Haley,Mcknight,deborah54@example.org,(714)701-3385,"26417 Lisa Causeway Suite 244
Lauraside, NJ 85513"
4,5,Adam,Booker,padams@example.org,201.777.3149x04482,"57135 Brian Pines
Port William, ID 35239"
5,6,Kari,Reeves,abigail61@example.com,(580)559-9345,"762 Stacy Isle
North Mercedes, ND 53701"
6,7,Taylor,Gonzales,wattsmary@example.com,001-363-761-6149x488,"PSC 6428, Box 8407
APO AE 64085"
7,8,Olivia,Thompson,paulowen@example.net,888.647.1156x6093,"92146 Taylor Crossing Apt. 463
West Mistyborough, OR 74935"
8,9,Erin,Lopez,cantrellbrenda@example.org,+1-699-602-6686x226,"0934 Bryan Junctions Apt. 884
Philipshire, WY 50168"
9,10,Mary,Smith,allenleslie@example.org,+1-956-480-1206x6681,"0674 Beverly Mountain
Nicholasmouth, TX 61058"
10,11,Lindsey,Williams,vhooper@example.org,001-208-910-0401x31673,"758 Robert Plaza
Garyshire, NC 94024"
11,12,Jon,Andrews,susanmckenzie@example.com,595-339-2363x204,"84351 John Grove Suite 287
Lake Stephen, PR 10847"
12,13,Alexandra,Baker,victor37@example.com,844.568.7378x3426,"60132 Miller Walk Apt. 386
Port Susan, FL 17334"
13,14,Mark,Cox,hartmonique@example.org,(530)737-6234,"641 Davis Oval
North Markchester, CO 02613"
14,15,Courtney,Nelson,meredithpatterson@example.com,972.892.0239x79617,"800 Stacey Parkway
North Patrickhaven, DC 80973"
15,16,Kristy,Thomas,cartersamuel@example.org,(226)789-8031x156,"06119 Collins Rest Suite 811
Norrishaven, IL 41504"
16,17,Vanessa,Ruiz,ellisonsarah@example.net,+1-757-429-4629x361,"39255 Blackwell Forest Suite 780
East Baileymouth, MN 41072"
17,18,Mitchell,Shaffer,jason83@example.net,+1-679-270-4465x431,"0006 Moore Land
New William, OH 39852"
18,19,Christopher,Johnson,youngashley@example.org,(575)643-1010x426,"48772 Ronnie Highway
Wilkersonview, AZ 37613"
19,20,Jennifer,Horne,donaldpowell@example.com,+1-910-468-4156x479,"04179 Brittney Vista
East Tommy, SD 20478"
20,21,Angela,Davies,benjamindavis@example.com,001-994-473-8369,"USCGC Roth
FPO AE 54565"
21,22,Andre,Mitchell,jonathanjenkins@example.net,+1-710-893-7465,"8292 Sharon Brook Apt. 698
Powellside, AS 49283"
22,23,Shelly,Drake,smithrichard@example.net,340-895-2140x019,"643 Jessica Course
Elizabethbury, MO 02657"
23,24,Chase,Collins,todd36@example.net,001-871-660-4317x05240,"23230 Williams Glens
North Dianefurt, MS 53797"
24,25,Rebecca,Monroe,anthony55@example.net,621.748.7900x958,"89722 Christy Cape Apt. 402
Port Gene, RI 05385"
25,26,Natalie,Weeks,sherry84@example.org,+1-525-372-5942x325,"051 Hernandez Ferry
South Omarfurt, IL 58262"
26,27,Anita,Guerra,curtis15@example.org,436-884-5148x7047,"003 Prince Grove Suite 889
Smithberg, MO 62530"
27,28,Brandon,Miller,richardsontodd@example.net,722.249.2495,"8726 Elaine Manors Apt. 555
Susantown, AZ 26946"
28,29,Linda,Mercer,jerryjames@example.com,(986)878-0896,"52333 Kenneth Dam Apt. 190
West Michelleton, NM 64469"
29,30,Veronica,Hansen,evansbianca@example.org,(984)920-8483x3146,"262 Cassie Harbors Suite 233
Charlotteville, OH 60043"
30,31,John,Ortiz,michelle57@example.com,226.533.3572,"27150 Jennifer Plaza Apt. 059
Holmeschester, NJ 42407"
31,32,Kelly,Young,hesterbetty@example.com,(276)716-3865x4704,"209 Zoe Drives
Mcdowellberg, AR 37507"
32,33,Carla,Wilcox,arodriguez@example.net,468.512.6724,"3064 Hood Crescent
Lake Angelhaven, DC 25158"
33,34,Amanda,Turner,billydavis@example.org,001-569-674-9089,"8153 Donna Corners
Markhaven, VT 66993"
34,35,Bryce,Martinez,jennywilliams@example.com,512-342-7568x48838,"Unit 9971 Box 4114
DPO AP 75202"
35,36,Lawrence,Johnson,bstokes@example.com,773-582-1222,"32755 Patricia Plain
Lake Mary, AR 54855"
36,37,Catherine,Parker,rebekah71@example.com,213.358.9165x40078,"22646 Kiara Groves
Port Williamland, HI 27220"
37,38,Francis,Reyes,pjones@example.com,845.429.3678x6941,"5761 Michelle Rue Apt. 754
Shawnmouth, SD 52836"
38,39,Tammy,Mcmahon,morgancindy@example.com,+1-924-439-2245x58288,"555 Anthony Stravenue Suite 202
Lake Andrewburgh, DE 74742"
39,40,Andrew,Middleton,jodihenry@example.net,(550)382-7068x29262,"40502 Nicole Expressway Suite 528
Smithberg, MT 61394"
40,41,Rebecca,Wright,nward@example.org,602.809.0654,"4675 Foley Square
West Justintown, IA 71059"
41,42,Amy,Jefferson,knightjohn@example.net,595.731.0166,"922 Alisha Square Suite 449
West Jonathan, MD 73804"
42,43,Rebecca,Hill,sjennings@example.org,001-985-715-5511x28407,"8149 Parks Groves
Samanthachester, PA 37047"
43,44,Ryan,Phillips,georgekristen@example.com,001-819-887-5455x74434,"664 Martinez Groves
Floreshaven, PW 66538"
44,45,Chris,Miller,cynthiarose@example.org,324-523-2947,"8811 April Mews
South Marissaport, IL 86591"
45,46,Helen,Walker,adam98@example.net,+1-408-600-1363x58285,"9495 Moore Dam Suite 215
Roberttown, PW 91009"
46,47,Angela,Roberson,mckeegary@example.org,859.723.3400x618,"0655 Zachary Points Suite 382
Knightstad, RI 53745"
47,48,Tiffany,Allen,rittereric@example.net,285.892.8994x6926,"45342 Corey Rapids Suite 003
Dillonside, NM 13297"
48,49,Jacob,Porter,kathleen92@example.com,(313)248-0004,"60589 Herrera Unions
Lisaview, SC 37705"
49,50,Christopher,Horn,jbrown@example.net,(943)860-9786x7878,"814 Rebecca Fork Suite 001
Stephaniemouth, NM 32759"
50,51,Steven,Shaw,jfrey@example.org,(421)411-5958x73358,"6006 Donna Neck
New Brenda, TN 07583"
51,52,Shawn,Hawkins,ejohnson@example.org,+1-993-950-2263,"625 Bruce Course Apt. 687
Luceroberg, VI 26643"
52,53,Debra,Price,lynn26@example.com,9654241272,"508 Phillips Track Suite 541
Allisontown, AS 81866"
53,54,April,Torres,petersonlaura@example.com,001-242-891-4881x7373,"620 Bentley Mall Suite 794
New Natalie, NY 73607"
54,55,James,Krueger,obenson@example.org,+1-491-833-3592,"49172 Mendoza Dam Apt. 735
East Courtney, SD 96456"
55,56,Kristin,Reilly,nina66@example.org,001-963-525-4039,"5825 Munoz Glen
Garybury, PW 83122"
56,57,Danielle,Singleton,epage@example.org,+1-429-567-2266x3009,"Unit 5742 Box 3537
DPO AE 27440"
57,58,Brent,Garcia,charles84@example.com,(949)663-1354,"757 Holly Curve
Johnsonstad, AZ 80975"
58,59,Mark,Frye,frederick44@example.net,001-331-833-0914x78904,"84213 Carolyn Village Apt. 237
Priceland, OH 34318"
59,60,Stephen,Garrett,samuel69@example.net,3584350663,"Unit 6039 Box 9517
DPO AP 08343"
60,61,Vincent,Rodriguez,theresa34@example.org,(887)919-4904x287,"645 Underwood Way
Jackview, PR 92381"
61,62,Joshua,Mosley,martinezjason@example.org,(363)889-0335x1855,"5251 Barton Drive Suite 842
Jessicafort, UT 52146"
62,63,Crystal,Alexander,cuevaseric@example.org,307.851.4106x5339,"3858 Wade Spring Suite 937
New Derrick, WI 47603"
63,64,Tony,Wilson,robert68@example.net,001-459-498-2419,"5353 Aaron Plaza Suite 544
South Timothy, WA 33250"
64,65,Gabriel,Wilson,vasquezamy@example.org,001-623-813-0668x016,"Unit 3177 Box 5938
DPO AP 94983"
65,66,Sara,Delgado,michaelfoster@example.org,001-479-747-7260x00061,"USS Church
FPO AA 87375"
66,67,Lisa,Mitchell,charlesparker@example.com,+1-896-487-3605x241,"598 Roy Locks Suite 224
Lake Jacobmouth, DC 10065"
67,68,Heather,Austin,walkercolleen@example.net,001-370-514-2218x21575,"98352 Fox Greens Apt. 519
Tuckerbury, FM 16751"
68,69,Jennifer,Gomez,jason50@example.net,(681)921-4722,"66735 Berry Brooks
New Douglastown, WV 10578"
69,70,Margaret,Lee,robertshelton@example.org,001-464-879-4137x8621,"2759 Mark Stream
Lake Williammouth, LA 39991"
70,71,Madison,Price,heather81@example.org,372.738.1953,"2860 Brandon Causeway Apt. 618
New Diana, FL 97497"
71,72,Darrell,Lara,nancymccarthy@example.net,871.533.0410x7830,"3320 Jeffrey Roads Apt. 667
Johnsontown, OR 09810"
72,73,Jennifer,Woods,caroline45@example.com,(885)284-1026x305,"1651 Mora Orchard Apt. 961
Port Dianeside, ME 83851"
73,74,Monica,Young,adam11@example.org,001-591-268-2031,"69521 Adam Plain
New Tyler, UT 86429"
74,75,Derrick,Barron,daniel45@example.org,+1-845-681-9225,"Unit 4692 Box 3827
DPO AA 99273"
75,76,Carol,Hartman,medinajoseph@example.net,599.237.1484,"2421 Green Valley Apt. 024
West Stephanie, DE 38437"
76,77,Susan,Jimenez,laura92@example.net,7568485268,"262 Johnson Drives
West Jessicabury, MP 41719"
77,78,Mark,Brown,pgordon@example.org,368.608.1476,"Unit 7094 Box 0488
DPO AE 97414"
78,79,Randy,Richardson,wlewis@example.org,+1-433-996-9790x983,"3574 Hammond Islands
Port Bethport, WA 97888"
79,80,Robert,Merritt,bvalentine@example.net,(600)395-9771x826,"152 Young Key Apt. 439
East Jamesville, IL 89241"
80,81,Jill,Martinez,kchen@example.net,(313)407-3415x3101,"99522 Angela Inlet Apt. 485
South Cassandra, WV 86739"
81,82,Michael,Lowe,matthew64@example.net,+1-753-201-0919x9592,"3439 Turner Glen
Port Daniellemouth, MP 32274"
82,83,Christopher,Carlson,amandagarcia@example.org,276.648.0733,"6455 Mallory Drive
New Josephshire, NE 91930"
83,84,Andre,Anderson,ajohnston@example.com,(372)309-0135,"42902 Clark Fork
West Davidport, AK 46055"
84,85,Alex,Long,ejones@example.org,904.506.3327x663,"185 Jackson Harbors Apt. 556
North Ashley, NE 87208"
85,86,Thomas,Carter,austinhannah@example.org,(722)664-1098,"50122 Jacqueline Rapid
Goodmanfort, NV 60028"
86,87,Michael,Perez,michelleprince@example.net,866-726-2699,"38226 David Estates
New Johnberg, MI 21366"
87,88,Annette,Mclean,gailperry@example.net,214.420.5132,"9311 Garcia Groves
Port Robert, PW 85690"
88,89,Daniel,Burns,ponceheather@example.net,8508225928,"643 Jennifer Plains Apt. 979
South Madison, NH 53448"
89,90,Justin,Foster,melaniebarton@example.com,955-737-0729,"123 Spencer Burgs
Lisachester, NM 34779"
90,91,Joanne,White,jhall@example.com,001-505-323-9938x5447,"292 Rodriguez Stravenue Suite 337
Jacksonbury, PA 81768"
91,92,Katie,Baker,michael55@example.net,001-728-406-8171x6917,"1876 Rojas Pike
Port William, FL 25198"
92,93,Meghan,Costa,mercedeswood@example.com,9265084299,"642 Steven Walks Apt. 761
South Cody, AK 19653"
93,94,Stacy,Johnson,greeneteresa@example.net,+1-869-538-8464,"638 Ramos Way Apt. 003
North Nicolasland, NE 78412"
94,95,Dennis,Morris,callahanstephen@example.com,877.459.6393,"7374 Velazquez Stream Apt. 053
Lake Rachelville, TN 08243"
95,96,Virginia,Mitchell,leblancbrandon@example.com,(842)389-5538x987,"08292 David Circles Apt. 047
Deborahport, OH 19995"
96,97,Patrick,Lynch,camerontanya@example.org,5076566259,"1234 Bailey Crossing
Griffinberg, MT 14336"
97,98,Tracy,Nguyen,heather86@example.org,975-245-9164x76702,"5387 Brian Fields
North Monicaberg, SD 52533"
98,99,Jeffrey,Norris,davidsmith@example.net,911-403-2923x96571,"0068 Melton Shore Suite 137
Kimberlyport, WI 56423"
99,100,Christopher,Morgan,charlene27@example.net,+1-568-557-2093,"53106 Evans Street
Lake Megan, NJ 46062"
100,101,Olivia,Li,zacharywatkins@example.com,372-887-1643x931,"8712 Weber View Suite 595
Haneyport, TN 77114"
101,102,Sharon,Nelson,bsmith@example.org,(767)213-5939x92709,"20410 Peterson Expressway
New Kenneth, RI 40189"
102,103,Stephen,Johnson,marthathompson@example.com,403.756.2499,"88689 Collins Parkway Suite 017
South Alexborough, NY 86597"
103,104,Erin,Wilson,bradley02@example.org,(335)557-3484x438,"78496 Dawn River Apt. 196
West Michael, MO 17817"
104,105,Timothy,Mays,jessica87@example.org,001-564-619-4140x5579,"039 Pittman Highway Apt. 984
South Jaredberg, LA 47084"
105,106,Patricia,Wright,meghanpowell@example.net,(256)459-0047,"67598 Choi Prairie Apt. 735
Washingtonmouth, AZ 71448"
106,107,Angela,Morales,smithjennifer@example.net,549-543-2653x1245,"05969 Lynn Ports Suite 447
Blankenshipburgh, UT 14061"
107,108,Candice,Patel,kathy17@example.org,676.792.2684,"00718 Johnson Garden
Baileymouth, SC 36155"
108,109,Leslie,Fischer,samuelcarter@example.org,+1-443-409-7487,"75849 Horton Villages
Castilloborough, SC 33704"
109,110,Pamela,Baker,bgilbert@example.org,(879)644-7450x35865,"63413 Singleton Cliffs
South Jeffrey, MA 27997"
110,111,Nicole,Williams,bryantmichele@example.com,+1-293-885-6011x9595,"01975 Fisher Motorway Apt. 768
Erinchester, SC 64310"
111,112,Daniel,Graves,mallorymartin@example.com,001-790-333-5631x928,"USS Jones
FPO AA 70849"
112,113,Eric,Mendoza,hunterdonna@example.org,409.437.8085,"886 Jones Road
Fisherfort, MI 74014"
113,114,Michelle,Bryant,ashley19@example.com,+1-334-880-0946x94885,"2330 Dana Heights Apt. 459
Staffordshire, MH 39777"
114,115,Larry,Rodriguez,melissa45@example.net,(633)350-5097x623,"441 Young Camp Suite 243
New Aaronborough, NH 30362"
115,116,Sarah,Peterson,karen73@example.net,227-250-3395,"29812 Crystal Branch Suite 414
Piercefort, WA 95341"
116,117,Aaron,Harris,angelataylor@example.net,589.461.0533x49301,"135 Nichols Manors Apt. 258
Port Kayla, ID 59420"
117,118,Jessica,Mendoza,misty05@example.com,(873)820-3421x2735,"PSC 4697, Box 6205
APO AE 43883"
118,119,Faith,Blackwell,lauragross@example.org,806-201-8739x53720,"079 Amanda Plain
Alisonhaven, MO 84249"
119,120,Robert,Mathis,rodriguezdavid@example.com,+1-645-574-1451x85695,"9738 Campbell Extensions
North Omarfort, NE 12807"
120,121,Natasha,Harris,karen61@example.com,(495)308-1353x42592,"4254 Haley Trace
New Douglas, UT 30139"
121,122,Elizabeth,Jones,thomasbryan@example.com,369.619.7016x619,"7542 Scott Forges Apt. 526
South Scottville, NM 43003"
122,123,Jacob,Chambers,smithlaura@example.net,(484)857-6998x732,"0074 Morgan Village
Diamondview, CO 00774"
123,124,Elizabeth,Smith,beckbarry@example.org,542-596-9906,"7145 Bishop Station
New Josebury, OH 76058"
124,125,Malik,Booker,davidcox@example.org,841-700-7158,"627 Jones Village Apt. 804
Kendraview, CA 90247"
125,126,Fred,Hoffman,shannonabbott@example.net,(297)559-4952x892,"38739 Shannon Gardens Suite 835
Clarkton, CT 13887"
126,127,Nathan,Ramirez,ronald37@example.net,(649)688-0937x7542,"086 Campbell Summit Apt. 669
Mccarthyburgh, OH 91300"
127,128,Paula,Wilson,shannon05@example.net,867.479.3313x91817,"77263 Carroll Mission
North Thomasborough, MT 06990"
128,129,Michelle,Underwood,dlawrence@example.net,481-602-5523x251,"4684 Evan Creek Suite 416
Michelleton, NE 69240"
129,130,Jose,Silva,lisalee@example.net,505-208-8827x1530,"4953 Parker Tunnel Apt. 298
Whiteshire, KS 08491"
130,131,Ian,Davies,brookskelly@example.com,6059798156,"1004 Cynthia Canyon Suite 541
Whitebury, AL 18096"
131,132,Raymond,Floyd,natashawhitehead@example.org,+1-206-909-8124x026,"314 Fox Plaza
Youngtown, MP 61818"
132,133,Kyle,Daniels,joshuaestrada@example.org,352.766.7279x751,"940 Mercado Light Apt. 551
Whiteheadhaven, MT 90205"
133,134,Karen,Wade,agross@example.org,827-446-9718,"663 Hensley Mountains
Johnstad, AR 13565"
134,135,Kelli,Donaldson,kylegarcia@example.org,(961)542-0050,"96601 Perez Place Apt. 825
Port Crystal, SD 19096"
135,136,Andrew,Reyes,thompsontheodore@example.org,+1-738-345-6528x110,"132 Castro Turnpike Apt. 851
Port Kevinport, RI 23928"
136,137,Lisa,Lee,ogarcia@example.org,2465961970,"842 Howard Islands
Lake Adamfort, ID 85974"
137,138,Krista,Bass,cristinabradley@example.net,763.993.0879,"2946 Lee Extension
Troyborough, KS 49983"
138,139,Michael,Moody,perryolivia@example.org,984-599-3535x46649,"USNS Villa
FPO AP 30031"
139,140,Deanna,Dorsey,samuelberger@example.net,(520)856-3960x33345,"13310 Zachary Harbor Suite 034
North Renee, MP 05219"
140,141,Justin,Nicholson,robertking@example.com,256-329-8596,"894 Jared Crossing
Lake Christinemouth, IN 92684"
141,142,William,Reynolds,wandatucker@example.org,357.637.3523x9827,"90522 Rachel Pass Apt. 094
West Shannon, MH 93029"
142,143,Angela,Higgins,tyler02@example.net,(620)583-7878,"223 Rich Extensions
Dawnfort, VT 45562"
143,144,Tina,Bender,vanessa87@example.org,949-715-8478x303,"792 Danielle Ville
New Johnmouth, ND 95114"
144,145,Lindsey,Richards,eturner@example.com,(839)587-7867x49178,"26493 Albert Prairie
Port Mariah, AR 88217"
145,146,Jeanette,Brown,daniel66@example.net,484-537-3847,"60848 Hubbard Cove Apt. 685
Manningtown, ID 24411"
146,147,Virginia,Obrien,raycarlos@example.com,4954842967,"52549 Antonio Underpass Suite 000
North Brittanymouth, AL 79482"
147,148,Angela,Serrano,estradapeter@example.net,743-444-5217x981,"713 Brian Ville Apt. 184
Gregoryborough, OH 30344"
148,149,Caitlin,Woodard,shernandez@example.com,428.414.6660,"PSC 4233, Box 5586
APO AE 18564"
149,150,Amy,Barajas,christian89@example.org,5655542657,"551 Gregory Mission Apt. 379
Floydtown, ME 65251"
150,151,Daniel,Chen,hwilliams@example.com,+1-310-258-8932,"86900 Alejandro Centers
Townsendfort, NC 36836"
151,152,Robert,Garza,meyermadison@example.org,+1-677-598-7734x364,"8289 Doris Common
Kimberlytown, AR 46190"
152,153,Carla,Owens,warnercraig@example.org,+1-621-904-6087x5119,"64036 Marissa Flats
New Thomas, NV 63116"
153,154,Christopher,Lee,nterry@example.org,+1-388-611-8219,"8475 Kelly Crossing Suite 963
East Amandaland, FM 03815"
154,155,Gregory,Marquez,kimjames@example.net,967.418.1368x2452,"008 Carr Station
Madisonburgh, WA 16571"
155,156,Jeremy,Jensen,danielmoore@example.com,838.448.5213x374,"4244 Lori Spring
South Amyville, ME 74347"
156,157,Carrie,Torres,ruben15@example.net,722.336.6052,"40288 Newman Island
Andersonside, ME 22098"
157,158,Gregory,Carr,pjones@example.net,+1-471-550-4729x97261,"0823 Wanda Court Suite 134
Port Alexander, NC 36584"
158,159,Destiny,Leblanc,gerald00@example.org,(613)815-7518x332,"35470 Rachael Shoals
Port Juan, AR 87136"
159,160,Phillip,Ford,johnyates@example.com,+1-311-982-2310x6852,"3701 Luis Islands
Brooksberg, AR 76695"
160,161,Christina,Smith,gene13@example.net,+1-454-972-5540x530,"8517 Abigail Cove
West Angelaborough, FM 76546"
161,162,Christy,Stewart,gregory31@example.org,756.333.9959x436,"463 Tina Mountains
South Tiffanyton, AR 54531"
162,163,Casey,Rice,donna35@example.com,001-608-553-2934,"Unit 9557 Box 9079
DPO AA 55609"
163,164,Patricia,Sanchez,mmartin@example.org,001-378-250-0865,"7057 Daisy Course Suite 066
Matthewview, GU 27327"
164,165,Terri,Kline,natalie24@example.com,426-895-8763,"60461 Adams Burg Apt. 932
West Eric, ND 96268"
165,166,Richard,Brown,gary16@example.com,289-246-0918x7810,"7079 Scott Squares
New Natalie, VT 12700"
166,167,John,Oneill,brandyclark@example.org,203.999.9392x2322,"260 Matthew Parkways Apt. 429
West Jakemouth, CO 83458"
167,168,Samantha,Garrett,elizabethchavez@example.net,831.488.3643x964,"0748 Ronald Village
Port Summerland, VI 87941"
168,169,Angela,Garcia,egarcia@example.com,001-561-675-8543x923,"718 Moran Tunnel
East Paul, NM 89482"
169,170,Charles,Beasley,toddrobinson@example.com,566.683.8491,"92389 Murphy Prairie Suite 347
Matthewport, WI 71864"
170,171,Tammy,Cooper,xwagner@example.com,941-917-7976x063,"523 Karina Burgs Apt. 371
South Cynthiaport, MT 82241"
171,172,Adam,Powell,cody66@example.com,5969870840,"4096 Leslie Course Suite 767
Butlerfurt, RI 81527"
172,173,Willie,Torres,banderson@example.org,479-919-0283x238,"4100 Michael Lights
Gabrielleland, NJ 19874"
173,174,George,Daniels,foxjanet@example.com,542.282.4880,"37388 Parker Mountains Apt. 219
West Jeremychester, MT 15542"
174,175,John,Ryan,jessica11@example.com,(217)906-5648x03173,"53308 Mary Glen
Lake Lisabury, MI 52416"
175,176,Gregory,Dixon,karengoodwin@example.org,(589)674-3040,"9780 Steven Villages Apt. 445
Gomezland, ND 38913"
176,177,Ronnie,Medina,anthonygordon@example.org,654-276-4260x0377,"7331 Linda Brook
Kristenbury, HI 19598"
177,178,Mary,Tyler,mholmes@example.com,(586)698-4601x35388,"9101 Wolf Dale Apt. 587
Lake Monicaport, VT 84813"
178,179,Joseph,Calhoun,simongregory@example.com,5733097324,"19969 Dominique Route Apt. 598
East Steven, AS 12793"
179,180,Brent,Tanner,pughmary@example.com,001-467-235-1619x2723,"6229 Matthew Road Apt. 578
New Sarahhaven, DC 36314"
180,181,Robert,Jones,dcantrell@example.org,(417)762-5890x359,"63033 Chambers Springs Suite 661
New Jenniferport, OR 96559"
181,182,David,Nielsen,ewilliams@example.com,001-538-570-7302x3883,"59063 Tanya Views
Rogersborough, ND 16732"
182,183,Jonathan,Payne,gonzalezkellie@example.com,670-582-6103x16301,"7881 Yang Unions
New Jacquelinestad, NH 59532"
183,184,Robert,Cole,garciarussell@example.com,001-469-902-2323x57835,"6640 Stephen Dam
Garzaland, IA 97060"
184,185,Christy,Daniels,jennifersmith@example.org,484.488.4453,"7731 Stone Valleys
Vanessaburgh, ND 33072"
185,186,Joshua,Wall,garrettsusan@example.com,755-871-8100,"27344 Hartman Isle Apt. 751
East Alexander, LA 39824"
186,187,Richard,Moran,benjaminwoods@example.com,7919835561,"783 Newman Hills
West Michael, VI 15140"
187,188,Charles,Moody,clarklinda@example.com,+1-895-263-9301x36022,"8885 Larson Circle Apt. 854
Jamiebury, NY 63404"
188,189,Troy,Henry,steven06@example.org,(326)611-3917x259,"8507 Samantha Forges
Lake Evanstad, UT 06311"
189,190,Sara,Keith,rsimmons@example.net,438-742-3133x9347,"929 Rhonda Land
Danielfurt, AZ 56779"
190,191,Laura,Young,urodgers@example.net,001-478-323-5432,"73823 Taylor Row Apt. 753
West Kristen, VI 73262"
191,192,Bailey,Valdez,clarkmadeline@example.org,(703)929-4790,"59743 Donna Junctions Apt. 300
West Josephport, DE 61361"
192,193,Brian,Brooks,xmorton@example.net,271-578-2078,"PSC 0626, Box 0425
APO AA 49731"
193,194,James,Farmer,ojones@example.com,285-725-0280x332,"5464 Jackson Underpass
New Jadeport, OH 91161"
194,195,Pamela,Spencer,megan12@example.com,303.556.7252,"114 Gibson Trace
Paulburgh, UT 81046"
195,196,Christine,Johnson,dpowell@example.net,(260)407-4978,"4169 Ana Spurs Apt. 993
Floresside, PR 54331"
196,197,Scott,Flores,jameswilliams@example.com,(285)551-0779x9603,"56017 Hernandez Row Suite 161
South Theresaland, WV 21004"
197,198,Sharon,Evans,jennifer60@example.org,302-720-1943x014,"94948 Courtney Lodge Suite 861
Ewingside, SD 65053"
198,199,Patrick,Moran,frederick97@example.net,(874)352-1427,"406 Weber Common
New Joshua, WV 01977"
199,200,Scott,Valdez,williamsannette@example.net,001-887-739-6545x363,"3505 Chavez Mountains
Ruthhaven, DC 85754"
200,201,Susan,Best,dpacheco@example.org,3894938654,"198 Michael Spur
Port Timothyberg, OH 67402"
201,202,Thomas,Walters,valerie11@example.org,808-571-6512x54146,"012 Shelton Falls
Sueport, IA 99692"
202,203,Rebecca,Green,heatherjenkins@example.net,001-853-240-5798x1994,"582 Anna Summit
Lanechester, WY 66688"
203,204,Kelly,Dunn,tsanchez@example.com,637-608-7254x0398,"058 Moody Junction
Wilsonton, MT 60160"
204,205,Adriana,Wright,summergriffith@example.org,469-434-5944x3796,"Unit 2143 Box 6476
DPO AE 60358"
205,206,Jennifer,Williams,kendramoore@example.com,+1-530-991-1424,"05288 Holly Extension Suite 382
Lake Joshuamouth, VI 86603"
206,207,Angela,Schmidt,wyattsanchez@example.com,915-603-8850,"6700 Hodge Shoals Suite 359
New Richardfort, NH 84382"
207,208,Manuel,Smith,daniel23@example.org,758-303-0499,"16803 Clark Inlet
West Jacob, FL 35386"
208,209,Robert,Gibson,brownkatie@example.com,+1-764-418-3400x43098,"80670 Ethan Land Suite 439
Antonioton, TX 17467"
209,210,Douglas,Allen,flynnsean@example.org,894-296-6726x29805,"5797 Miller Loop
North Savannahfort, IL 77152"
210,211,Cynthia,Robinson,rsullivan@example.org,219-302-4468x03511,"91090 Barry Rapids
East Joshua, NJ 63470"
211,212,Kimberly,Walters,ewells@example.org,733.384.7135,"56759 Mills Falls Suite 055
New George, IN 84356"
212,213,Debra,White,marissa91@example.com,(560)779-9717,"6847 Armstrong Rest
West Christopher, IA 57189"
213,214,Leonard,Zuniga,richard87@example.com,243.339.5085x190,"408 Thomas Lane
Yolandaport, MD 36150"
214,215,Jesse,Gonzalez,ybowman@example.org,001-600-453-8024x74167,"3309 Terri Road
West Jaredberg, RI 85397"
215,216,Andrew,Robinson,brandon65@example.org,3706910487,"77509 Robles Loop Suite 658
South Robert, FM 66176"
216,217,Denise,Clark,stevensjenna@example.net,001-938-233-6084x9181,"65411 Garner Terrace
Aaronland, IN 17664"
217,218,Samantha,Harrison,vcollins@example.net,551-437-6116,"Unit 4123 Box 3261
DPO AA 23020"
218,219,Lauren,Vasquez,bhall@example.com,282.396.3646,"320 Emily Hollow Suite 174
Lake Matthew, NM 24156"
219,220,Danielle,Paul,ehicks@example.com,371-488-8840x51903,"96445 Michael Cape
Bellton, VT 73398"
220,221,Mark,Miller,jameswilliams@example.net,+1-924-366-9877x018,"484 Evelyn Squares
South Levishire, OK 99092"
221,222,Latasha,Lawson,elizabeth17@example.com,(840)727-4997x586,"939 Karen Haven
Port Anthony, IL 09308"
222,223,John,Parker,hayeschristina@example.com,(588)518-1337,"31950 Austin Shore
Johnfort, CO 56370"
223,224,Heather,Pierce,dmaxwell@example.org,+1-264-913-0516x95145,"773 Keith Circle Suite 524
Davidfurt, FM 10061"
224,225,Robert,Williams,jessica97@example.org,6509621208,"24623 Jesse Trail Apt. 483
Kylemouth, NY 06402"
225,226,Tonya,Mitchell,bowerspreston@example.org,001-230-988-9082x10123,"3229 Franklin Vista Apt. 158
North Cathy, MP 31595"
226,227,Ryan,Dean,leslietorres@example.org,(667)769-1187x89189,"Unit 8721 Box 3456
DPO AA 66672"
227,228,Tammy,Phillips,whiteheaddiane@example.net,453-429-6386x56151,"3259 Paul Circles Suite 646
New Lisa, MO 57162"
228,229,Kevin,Taylor,longcindy@example.com,782.758.0808x8739,"02785 Walter Stream
Blackside, AK 02389"
229,230,Alyssa,Robbins,brian49@example.net,001-996-560-4680x4499,"62384 Evans Lodge Suite 520
Houstonfort, WY 85735"
230,231,Erica,Bryant,tinathomas@example.net,753.654.8687x15495,"581 Melissa Squares
New Natalie, MT 78377"
231,232,Natasha,Moore,martinlee@example.org,673-392-0001,"8854 Acevedo Locks
Davischester, CT 03466"
232,233,Angela,Bates,jensencindy@example.net,828.506.6725x802,"5861 Danielle Ramp
South Victoriastad, MH 91374"
233,234,Nicholas,Andrews,tracyrodriguez@example.org,+1-396-657-9930x4477,"27191 Ramsey Corner
Hernandezburgh, ME 61469"
234,235,Robin,Medina,etaylor@example.org,(599)983-3358,"074 Tyler Mission Apt. 960
West Jesse, IN 51552"
235,236,Jeffrey,James,gardnerlaura@example.com,(529)850-3817,"902 Jeffery Courts
Laurieside, MH 48143"
236,237,Bryan,Mooney,snovak@example.net,718.729.8665,"060 Faith Squares
Sanderstown, TX 58981"
237,238,Jerry,Norton,wreynolds@example.net,001-738-473-6937,"07869 Rhonda Flat Suite 590
Copelandport, MH 88063"
238,239,Daniel,Perry,apark@example.net,986-928-9958x19296,"11360 Sarah Hills Suite 802
East Jonathan, OH 87398"
239,240,Katrina,Thompson,nicholasray@example.org,(379)278-0108x955,"060 Schmidt Courts
Turnerport, MH 09711"
240,241,Megan,Harris,silvajordan@example.com,629.782.5473,"016 Daniel Square
Masonberg, NC 69072"
241,242,Laura,Warren,timothy18@example.com,001-214-963-0544x224,"41606 Ferguson Ferry Suite 541
Claybury, PW 35931"
242,243,Cheryl,Drake,tiffany70@example.net,(474)464-4729,"Unit 9941 Box 8408
DPO AE 77298"
243,244,Joseph,Vargas,michaelrodriguez@example.com,904-835-6053x83173,"159 Lawrence Underpass
West Maryfurt, AZ 19705"
244,245,Leslie,Lee,flemingjoseph@example.com,+1-538-460-0662x13247,"7676 Snyder Via
Jessicaport, PA 20693"
245,246,Tara,Barrett,christopheralexander@example.com,650.303.2008x6236,"52987 Katherine Creek Suite 913
Coleburgh, AL 38137"
246,247,Susan,Giles,sancheznicole@example.org,593.850.1259,"318 Karen Place Apt. 605
Williamsland, UT 11487"
247,248,Madeline,Diaz,michellegibson@example.com,001-934-514-6019x963,"508 Burnett Course
New Scott, OR 20593"
248,249,Matthew,Rodriguez,reneezimmerman@example.org,520-258-1797,"Unit 4776 Box 1810
DPO AP 78443"
249,250,Cindy,Ward,srodriguez@example.org,531.852.9278x3055,"4611 Harris Track
Bradleyburgh, WI 40810"
250,251,James,Williamson,sramirez@example.org,+1-419-823-1387x155,"2836 Sanders Union Apt. 324
Stephenmouth, GA 24173"
251,252,Jamie,Shaw,victorcrawford@example.net,675-726-9453,"54708 Sharon Plains
Lake Aimeetown, SD 36078"
252,253,Robert,Smith,bishoprobert@example.net,+1-969-495-6236x0588,"3413 Tiffany Plain
West Jamesfort, OK 02501"
253,254,Sheila,Stewart,mgray@example.org,750.762.9697x602,"915 Peters Rapid
Mcphersonstad, PR 89914"
254,255,Amanda,Beltran,blakezamora@example.org,5528465514,"8673 Jennifer Heights
Campbellbury, PW 27271"
255,256,Chase,Lloyd,kimberlyleach@example.com,+1-413-389-3321x63553,"819 Blake Landing
Lake Erikburgh, VA 94703"
256,257,Rachel,Wells,jessica53@example.net,(835)751-4988x900,"88355 Lisa Mount
East Codyland, ND 90737"
257,258,Madison,Espinoza,hboyd@example.net,001-952-962-7303,"Unit 6867 Box 7843
DPO AA 60120"
258,259,Marilyn,Murray,uwilliams@example.org,001-568-502-6076x252,"056 Daniel Isle Suite 380
Jonesfurt, MS 38537"
259,260,Maureen,Sanchez,gmaxwell@example.com,2108707246,"USNS Cook
FPO AE 86450"
260,261,Amy,Short,jwood@example.org,001-525-862-6508x2061,"482 Graham Ridges Suite 574
Millerfurt, NY 92264"
261,262,Jennifer,Greer,eric65@example.net,001-856-502-6484x894,"978 Patrick Mills Suite 587
Theresaberg, AZ 32295"
262,263,Anthony,Whitaker,samanthabutler@example.net,001-444-976-6533x053,"3878 Rosales Track Suite 749
Tanyaville, RI 25633"
263,264,Susan,Bowers,coletony@example.org,+1-365-501-5261x996,"PSC 9190, Box 3097
APO AA 61157"
264,265,Stephen,James,tamaravalencia@example.net,+1-435-227-8334x911,"14358 White Cove
Port Jenniferbury, PW 22875"
265,266,Valerie,Arroyo,wsampson@example.org,(627)496-8842,"36603 Davidson Shore Apt. 675
Charleston, CT 43902"
266,267,Joseph,Obrien,morrowlisa@example.com,557.768.9280x2295,"6318 Karina Estates
South Lisabury, WV 62374"
267,268,Michael,Erickson,kaylee07@example.com,+1-826-272-7875x4954,"97084 Preston Forge Suite 560
Cameronborough, NH 55801"
268,269,Natalie,Lewis,jonathanwhite@example.com,519.541.0824,"14527 King Stream
Osbornefurt, OH 33899"
269,270,Kristin,Pitts,simsluke@example.org,+1-222-353-7120x1035,"26646 Reyes Wall Suite 504
Port Bryanfort, PW 20384"
270,271,Guy,Johnson,rachelpatel@example.com,+1-760-473-0458x064,"2105 Chad Greens Apt. 128
Cookburgh, MP 34741"
271,272,Ashley,Jacobs,colleenmcconnell@example.org,(708)429-1192,"2104 Christopher Park
Harveyland, FM 64719"
272,273,Theresa,Chandler,bushaudrey@example.net,001-729-841-4479x252,"PSC 3565, Box 4676
APO AP 71636"
273,274,Christopher,Huang,tanya19@example.com,(630)909-6207x7201,"2000 Cheryl Lakes
Riveraborough, MA 77638"
274,275,Christopher,Smith,justin83@example.org,2198482401,"PSC 1821, Box 4794
APO AA 49400"
275,276,Anna,Clay,laura74@example.com,+1-972-332-4414x80975,"94072 Wong Green Apt. 019
New Madison, AR 99156"
276,277,James,Cantrell,heather27@example.net,+1-528-749-0152,"25816 Wanda Lake
Lynnberg, IN 02694"
277,278,Timothy,Miller,falexander@example.net,716.646.2853,"9637 Susan Views
Port Jacobville, TX 17502"
278,279,David,Stone,andersonleslie@example.net,847-705-7178x1648,"1374 Taylor Way
South Sean, OK 61576"
279,280,Donald,Cooper,james16@example.com,798-967-8059x36498,"32862 Perez Lodge
Brownhaven, HI 13917"
280,281,Andrew,Barrett,cynthia57@example.com,491-378-3722x81052,"298 Chavez Plaza Suite 465
Keithland, FM 95349"
281,282,Angela,Payne,timothy02@example.net,+1-425-777-8011,"0057 Perez Plaza
Lake Miguelland, OH 83138"
282,283,Elizabeth,Lyons,jenna39@example.com,+1-760-245-3519x9415,"PSC 5296, Box 9383
APO AA 39401"
283,284,Shawn,Miller,oconnoreric@example.net,206-509-0338,"60807 Shawn Union
Port Melindabury, MO 42467"
284,285,Sydney,Shields,yfletcher@example.org,001-691-348-8054x4298,"3353 Joshua Square
North Nicholas, NE 73638"
285,286,Andrew,Wagner,bpeters@example.com,001-520-673-3156x76440,"706 Kenneth Ways
West Lisa, IL 82531"
286,287,Larry,Bowers,gonzalesrobert@example.com,(388)337-6067,"3747 Jackson Highway
East Sandra, ME 41542"
287,288,Luis,Moore,john39@example.net,+1-544-631-1331x2600,"808 Munoz Lights
South Billymouth, MT 97480"
288,289,Chad,Wheeler,joseph41@example.net,+1-396-324-3656x35067,"29182 King Extensions
North Selenatown, VA 12505"
289,290,Valerie,Lopez,franklingonzalez@example.net,(294)782-8036x44108,"0442 Monroe Corners
South Christianmouth, OH 93087"
290,291,Sherry,Zavala,justinroberts@example.com,+1-457-955-1108x9045,"6822 Renee Glen
Walkerville, MH 45086"
291,292,Kristy,Combs,danieljones@example.com,(511)334-5707,"297 Simpson Vista
Reginaldburgh, CT 59087"
292,293,Kathleen,Johnson,jonathan09@example.net,607-395-6925,"2841 Flores Trail Suite 098
Lake Corey, PW 46848"
293,294,Robin,Carrillo,millerkim@example.com,942-327-6579x686,"0387 Christine Islands Apt. 096
Port Allisonstad, AS 70448"
294,295,Lisa,Davis,luke97@example.net,+1-649-375-2722x46860,"554 Valdez Way
Jasonport, KY 03086"
295,296,Joshua,Mendoza,williamobrien@example.com,219-931-0236x7552,"0324 Myers Ford Suite 985
Thompsontown, TX 39097"
296,297,Emily,Garcia,waltonjeffrey@example.net,759-417-4197,"44594 Reynolds Mountain Suite 955
Lake Andre, MD 36650"
297,298,Chad,King,jbrown@example.net,+1-441-302-4083x85616,"546 Zachary Port
Johnborough, DE 04213"
298,299,William,Estes,shane59@example.net,(663)484-2880x795,"PSC 2556, Box 7219
APO AP 19144"
299,300,Bryan,Ayala,garzamicheal@example.com,988-848-7406x3856,"86998 Young Roads
South Danielmouth, CA 58667"
300,301,Monica,Powell,rioszachary@example.com,537-659-2154x46477,"7901 Lawrence Ranch
Lewisburgh, ME 46900"
301,302,Crystal,Acosta,gomezadam@example.org,(890)913-6710,"45264 Dawn Springs
South Brandi, RI 57055"
302,303,Jonathan,Page,inelson@example.com,675.506.0861x4885,"3160 Rios Plains Suite 651
Longside, NE 02741"
303,304,Damon,Walker,hsimon@example.org,767.876.2202,"5794 Garcia Curve Apt. 858
West Marymouth, IA 89293"
304,305,Tiffany,Howell,kyle69@example.org,645-977-1886x41698,"95906 Roberts Parkways
Williamsonview, OK 35761"
305,306,Jennifer,Reynolds,shirleywatson@example.net,842-201-2244,"Unit 1867 Box 1295
DPO AP 10043"
306,307,Shelly,Murphy,bushtravis@example.net,935-295-2508,"01033 Shannon Centers
East Angelaberg, GU 56865"
307,308,Steven,Hill,taragarcia@example.net,001-295-614-7085x80420,"3494 Steven Circles
West Latasha, CA 14673"
308,309,Bradley,Brooks,michelle55@example.com,001-281-627-9949x0304,"854 Jackson Mews
Nelsonborough, TX 32218"
309,310,Brent,Cannon,mitchellpamela@example.com,001-371-461-4070,"83080 Catherine Islands
Dianafort, WV 25142"
310,311,Mary,Williamson,dkelly@example.net,001-961-448-9962x142,"97311 Lisa Hill
West Ashley, PW 03318"
311,312,Cynthia,Brady,xnelson@example.org,238.550.9203,"02643 Cody Crest Apt. 373
Cruzbury, ID 30241"
312,313,Christopher,Weber,aaron95@example.com,942.360.7353,"379 Mckinney Plains
Lake David, IA 22791"
313,314,Preston,Miranda,wallsjavier@example.com,(206)581-8997,"72216 Zoe Path
Lake Laurenport, TN 90321"
314,315,Robert,Taylor,christinapearson@example.org,001-510-928-0068x0971,"60936 Reed Corner Suite 613
North Dawn, VA 43909"
315,316,Donna,Bell,haynesjo@example.org,(766)550-7292x161,"50031 Bailey Village Suite 125
Kristinaborough, VI 64392"
316,317,Joshua,Wood,ggreene@example.com,(753)945-4895x65224,"792 Lisa Island Apt. 787
Angelashire, MO 14592"
317,318,Jennifer,Hicks,kyle89@example.org,(351)630-0247,"63306 John Plains Suite 363
Fieldsmouth, FL 37942"
318,319,Morgan,Stuart,meadowsjohn@example.net,(907)314-1272,"384 Lori Shores
Millerview, AZ 39685"
319,320,Fred,Jones,stevenrangel@example.com,001-814-630-0230x076,"833 Leblanc Viaduct
Harperbury, IL 79614"
320,321,Jessica,Scott,angelicafrost@example.org,6809568325,"058 Jennifer Land Apt. 033
Williamview, NM 54273"
321,322,Richard,Jimenez,wmartin@example.org,001-627-565-8110x94300,"616 Larry Camp
West Garrettborough, TN 62124"
322,323,Michael,Myers,taylorvickie@example.org,(362)748-4987,"349 Alexis Expressway
West Alanfort, SD 30398"
323,324,Kristin,Young,pwatson@example.org,872.604.4372x69843,"67116 Thompson Lake Suite 204
South Crystal, KS 20559"
324,325,Mary,Martinez,awilson@example.net,504.302.2285x871,"USNV Murphy
FPO AA 50303"
325,326,Andrew,Smith,katelynnguyen@example.com,726.937.1837x5143,"19355 Alexander Shores
Perezmouth, MP 65942"
326,327,Kevin,Garcia,diazadrian@example.net,657-532-3392x310,"8509 Nichols Meadow Suite 757
Lake Robertburgh, AL 65975"
327,328,Wanda,Hernandez,markmitchell@example.com,+1-880-730-8393x77922,"4543 Johns Hills
South George, PR 38596"
328,329,Jennifer,Reed,paulaellison@example.net,665.506.7085x80011,"8410 Brandon Spur Suite 245
Barnesmouth, SD 50458"
329,330,Melissa,Kelley,oconnorraymond@example.com,446-240-5764x175,"881 Austin Forest Apt. 619
North Gregory, IA 32993"
330,331,Kevin,Alexander,myerscharles@example.net,001-640-578-4414x600,"87263 Amanda Station Apt. 416
Woodchester, PR 61134"
331,332,Jean,Holder,sarahgardner@example.org,001-654-292-8082,"235 Alicia Shore
New Stephanieshire, DE 66655"
332,333,Melissa,Austin,justinallen@example.com,497-640-2460x8911,"55442 Cody Mews Apt. 891
East Tammyton, UT 67796"
333,334,Nathan,Tran,williamblake@example.com,324.424.5846x3387,"PSC 3115, Box 7080
APO AE 74718"
334,335,James,Grant,jean67@example.net,993-460-6773,"235 Christina Trace
Port Matthew, KY 39009"
335,336,Jessica,Smith,sydneywilson@example.com,(514)327-6142,"909 Samantha Turnpike Apt. 896
East Stacyborough, NV 27531"
336,337,Jennifer,Stevens,ryangomez@example.net,323-827-0412x66962,"99490 Douglas Cove
Mckayfurt, WV 23858"
337,338,Margaret,Palmer,brian14@example.org,(943)787-4825x433,"55047 Susan Causeway
South Devin, IL 98413"
338,339,Angela,Delgado,srobles@example.com,4612389490,"60541 Wilson Alley Suite 247
Alvarezside, AR 07612"
339,340,Rachel,Day,kbernard@example.org,7599503461,"24100 Jones Meadow
Schneiderside, CO 69790"
340,341,Shane,Herrera,linda55@example.net,6784507279,"215 Williams Cliffs Suite 181
Pageport, VT 03484"
341,342,Annette,Dickson,carrrenee@example.com,(720)211-2326x5525,"USNV Rhodes
FPO AP 52392"
342,343,Matthew,Montgomery,mark40@example.com,(374)618-9492,"454 Miller Fords Suite 546
Port Brittany, MO 47202"
343,344,Jasmin,Brown,jacksonjill@example.net,(502)924-8517x6069,"1603 Page Shoals Apt. 027
East Angelatown, SC 71950"
344,345,Laura,Williams,raymond57@example.com,607-636-4962,"857 Burns Rest Apt. 331
North Michael, KS 89011"
345,346,Robert,Brown,mayteresa@example.net,(535)507-9199x1932,"7588 Ferguson Trail
North Samuelside, TX 42396"
346,347,David,Smith,tiffanystanley@example.org,(508)315-2044x865,"483 Riggs Trail
West Zacharyville, DC 90684"
347,348,Cheryl,Harrell,carrie99@example.org,7493886263,"694 Stephens Expressway
North Jenniferton, SD 72619"
348,349,Jonathon,Guerra,andersonmary@example.org,600-757-6557x3182,"USCGC Williamson
FPO AE 70080"
349,350,Christopher,Preston,brendabrown@example.com,001-233-932-3302,"17348 Rowe Trail Apt. 108
West Brittany, MS 08741"
350,351,Tyler,Harvey,bruceallen@example.net,391.524.8386x121,"PSC 0287, Box 6580
APO AE 07051"
351,352,Isaac,Hayes,thomasfuentes@example.com,217-345-2681,"505 White Drive Apt. 546
Lake Carolton, VT 77384"
352,353,Michael,Stephens,meadowsdaniel@example.net,001-928-367-9502x057,"0651 Sara Run
Erinstad, OH 17286"
353,354,Joseph,Cook,qjacobson@example.net,403-408-3641x295,"448 Thomas Meadow Suite 113
East Anthonyland, WA 64131"
354,355,Michael,Johnson,garciacarl@example.com,001-952-689-4235,"47796 Munoz Mountains
East Marissa, AR 35863"
355,356,Shane,Jimenez,tjones@example.net,(497)467-5433,"12437 Sarah Loaf Apt. 642
Petershire, NM 15684"
356,357,Brandon,Smith,daniel43@example.net,577-666-4035x6720,"23159 Philip Shores
North Christopher, VA 14883"
357,358,Monica,Rhodes,reesediana@example.net,606-672-2403x608,"871 Wagner Well Suite 422
Port Wendymouth, AS 36095"
358,359,Kimberly,Ryan,xchung@example.org,603.239.7433x8321,"30855 Herrera Forks Apt. 334
Vanessabury, OR 65824"
359,360,Jessica,Diaz,rramirez@example.org,001-907-391-3472x0402,"74799 Carrie Views Apt. 738
Desireeside, DE 42800"
360,361,Cynthia,Cordova,mariabarber@example.org,887.703.2466x563,"7042 Bell Camp
Jennahaven, HI 27687"
361,362,Jodi,Smith,whitneyperry@example.com,900-965-9632x86678,"148 Pham Avenue Apt. 268
Andrewchester, MA 50354"
362,363,Carl,Cook,rclark@example.net,940-503-1040x593,"808 Nicholas Groves
Thompsontown, TX 23050"
363,364,Frank,Howe,virginiaguerra@example.com,001-877-353-0110x058,"39009 Gibbs Wells
East Paul, DE 11828"
364,365,James,Green,jessicaspencer@example.net,+1-419-662-8309x94834,"486 Thomas Turnpike
Elizabethborough, CO 04797"
365,366,William,Payne,mariabrooks@example.net,001-526-767-7754x152,"6371 Kimberly Ferry
New Michelle, MN 37918"
366,367,Debra,Rodriguez,oschaefer@example.org,706.811.0930x199,"834 Hill Forks Apt. 444
West Michael, MN 77257"
367,368,Don,Morris,philipmoran@example.net,480.537.3344,"812 Amy Crossroad Apt. 605
Dodsontown, NV 26899"
368,369,Michelle,Clark,ericfox@example.net,+1-922-318-3142x646,"PSC 1897, Box 0168
APO AE 04557"
369,370,Kristy,Sanchez,ksanchez@example.com,496-789-8499x866,"778 Hayes Squares Suite 271
Lake Brianborough, PW 24609"
370,371,Morgan,Young,donna95@example.org,001-376-600-9935x79501,"5349 Williams Creek
Lake Kimberly, AK 54853"
371,372,Ashley,Decker,megan70@example.net,677.401.1566x4586,"514 John Islands
South Yolandamouth, LA 60718"
372,373,Priscilla,Hughes,davidjohnson@example.com,(502)510-1097,"050 Collins Hill Suite 849
New Rebecca, NV 89093"
373,374,Amanda,Chapman,shebert@example.net,001-377-383-9617x481,"8571 Moore Green
Sarahmouth, MO 23734"
374,375,Robert,Vang,saramiller@example.org,+1-840-226-9429x013,"2754 Deborah Prairie
Lake Rebecca, LA 16336"
375,376,Karen,Rodriguez,johnrhodes@example.com,7956947899,"6126 Craig Mill
South Patrick, OH 03023"
376,377,Dennis,Wells,jennifergonzalez@example.net,(374)929-7272x8090,"0562 Duncan Station Apt. 689
Sarahhaven, VI 85986"
377,378,David,Sawyer,chasemyers@example.com,001-933-634-9304x57105,"9640 Henderson Trace Suite 371
Austinborough, SD 67530"
378,379,Mary,Neal,williamcharles@example.net,(820)395-9108x4799,"011 Brown Parkways
East Scott, MI 78573"
379,380,Christopher,Mcgee,courtney45@example.org,5952577132,"4196 Jason Villages
North Jasonhaven, NC 13471"
380,381,Michael,Reed,ehull@example.net,911-914-5762,"55875 Ian Forges
Mollyfurt, AZ 61533"
381,382,Timothy,Thompson,washingtontheresa@example.net,636.489.0881x2635,"USS Perez
FPO AA 49961"
382,383,Nicole,Gonzales,perkinsjill@example.org,785.929.2857,"01360 Wanda Cliff Suite 740
West Thomasstad, NC 01072"
383,384,Anthony,Maxwell,xsmith@example.net,(855)476-2854,"768 Mary Ford Apt. 536
South Andrea, CO 24454"
384,385,Maria,Dillon,andreasavage@example.org,(315)957-1860x1245,"44508 Brian Port Suite 568
Port Amanda, PA 74542"
385,386,Mark,Moore,ashleyallen@example.org,001-391-547-7392x95896,"1612 Daniel Branch
Lake Crystal, AZ 01835"
386,387,Jean,Adams,lyonselizabeth@example.com,245.836.7854x49270,"852 Stein Orchard
Lake Michael, CA 66737"
387,388,Mark,Hall,hollowaymatthew@example.com,7776275401,"11399 Stephanie Mill
Davidmouth, WY 79974"
388,389,Deborah,Lee,lauren55@example.net,(544)332-1776x05664,"72486 Clinton Field Suite 886
Lake Michellefurt, FM 66810"
389,390,Stacy,Kelly,adamskathleen@example.com,418-311-4188,"6998 Duncan Falls
Lake Collin, VI 51674"
390,391,Brittany,Sutton,jameswalker@example.org,001-632-701-0992x54650,"38340 Freeman Valleys Apt. 988
Port Hectorview, NH 77190"
391,392,Natalie,Brown,kristalawrence@example.com,(442)595-9822x4770,"42332 Michael Plains
Stephenhaven, DE 92517"
392,393,Maria,Hunter,alicia59@example.org,2867777537,"32106 Raymond Mission
Lauraberg, DE 56161"
393,394,Christine,Patel,shermanjill@example.net,603.830.5752x36601,"USNS Smith
FPO AA 60607"
394,395,John,Evans,hancockrodney@example.net,001-944-707-3816x45514,"07828 Thompson Villages Suite 679
Lake Kevin, AK 08026"
395,396,Nicole,Kelly,ldelgado@example.org,329.363.9478x0099,"606 Erickson Keys
South Kathy, GU 34612"
396,397,Adam,Young,shanewhite@example.org,898-359-8681,"PSC 0070, Box 6274
APO AE 71362"
397,398,Keith,Burnett,kaufmanstephanie@example.net,263.765.5898x42997,"3754 Ramirez Mission
South Jenniferbury, IA 79531"
398,399,Rebecca,Alvarado,jordanerin@example.net,(918)308-4605x035,"9645 Kyle Plaza
Gutierrezstad, OR 78553"
399,400,Anthony,Singleton,jennifersalazar@example.org,3494821427,"80214 Sampson Fork
Howellshire, WY 99702"
400,401,Scott,Edwards,johnny93@example.org,001-759-707-3092,"23269 Berry Summit Apt. 290
Farmerberg, ME 03518"
401,402,Gary,Larson,ataylor@example.com,544-914-0211x37644,"Unit 9053 Box 8870
DPO AA 29805"
402,403,Ernest,Smith,fbaxter@example.org,+1-494-641-0203,"4642 Hoffman Plain
Port Jodi, ME 77285"
403,404,Janice,Brown,jacksondawn@example.net,+1-409-495-5070x064,"7990 Melissa Track
Port Jenny, KY 93509"
404,405,Zachary,Stewart,buchananamber@example.com,366-582-8466,"0479 Gutierrez Green Apt. 706
Walkerville, WA 80419"
405,406,Henry,Williams,katelynkim@example.com,547-606-4833,"656 Lisa Ranch
South Jillport, AS 53281"
406,407,Karla,Green,rhatfield@example.org,+1-644-732-6925x592,"74601 George Ports Apt. 074
Fernandezburgh, VT 08605"
407,408,Miguel,Dean,eric60@example.com,715.829.0658x8527,"305 Mary Prairie
South Jeffreybury, GA 32540"
408,409,Steven,Dunn,lisameadows@example.net,555-245-4417x731,"9231 Schmidt Expressway
North Ericahaven, MN 59782"
409,410,Angela,Mooney,derek51@example.com,346.530.7849x78883,"571 Steven Points
Jessicafurt, OH 98607"
410,411,Jesse,Keller,ryan25@example.net,(469)221-2361x78567,"82746 Todd Pike Suite 622
West Thomas, ME 97040"
411,412,Amanda,Stewart,linda50@example.com,249.508.2841,"530 Jeffrey Haven Apt. 190
West Dean, FM 80740"
412,413,Jose,Jackson,bharrison@example.com,001-811-226-9662x018,"19504 Chang Land
Andreafort, OH 11179"
413,414,Frederick,Powers,michele11@example.net,+1-565-257-6009x57866,"46869 Gary Valleys
Port Matthew, MT 16413"
414,415,Katherine,Howard,dobrien@example.org,390.597.9833x980,"851 Mullen Meadow Suite 925
East Lauraport, OK 41799"
415,416,Amanda,Ramirez,englishjesse@example.org,(265)371-6203x6155,"4296 Herrera Island Suite 583
South Steven, WV 58488"
416,417,Richard,Park,kgibson@example.com,(470)742-0866,"442 Adams Fork Suite 693
West Maryborough, AK 92846"
417,418,Carrie,Villarreal,hwilson@example.org,+1-854-776-4244x93219,"991 Chavez Mountain Suite 908
North Benjaminfurt, UT 06267"
418,419,Teresa,Barnes,peggy27@example.net,7166529712,"764 Mccoy Stream Suite 119
Nicolestad, MI 27874"
419,420,Robin,Levine,efoster@example.com,240-275-2064x0366,"0908 Alexandra Ville Apt. 914
Campbelltown, IA 90358"
420,421,Brandon,Armstrong,gracewhite@example.net,(303)589-7466,"326 Kayla Camp
Lake Colleen, NM 81401"
421,422,Matthew,Smith,jose52@example.org,9636704220,"122 Edward Route
Buckleyside, MH 71654"
422,423,Bonnie,Jackson,fisherkaren@example.net,+1-978-784-4379,"87179 Jessica Isle
Guerreroshire, PW 78124"
423,424,Jennifer,Gentry,mahoneybrett@example.com,295.640.6681x5003,"3903 Gallegos Garden
South Brandon, WV 72287"
424,425,Jon,Brown,qclark@example.net,816-929-3786x50011,"4183 Jason Orchard
Wayneborough, AR 20095"
425,426,Michael,Andrews,qthomas@example.com,928.909.0387x655,"89633 Victoria Radial Suite 501
Lake Tiffanyport, NC 54349"
426,427,Megan,Lee,ynoble@example.net,5347385538,"Unit 5719 Box 6447
DPO AE 75280"
427,428,Whitney,Doyle,dli@example.net,754-913-7907,"USNS Schneider
FPO AP 21576"
428,429,Melissa,Moore,sydneysmith@example.org,001-239-398-8873x169,"573 James Viaduct Apt. 536
West Lori, CO 77100"
429,430,Tammy,Burch,fpowers@example.org,+1-242-814-2019x01039,"346 Amanda Stream
Port Lori, WY 05860"
430,431,Katherine,Espinoza,nicole13@example.org,378-549-9384x180,"18379 Livingston Motorway
Annabury, KS 28749"
431,432,Harry,Thomas,edwardssandra@example.com,+1-572-730-1998,"73209 Chen Island Apt. 628
South Marieview, NJ 27843"
432,433,Marc,Mcdonald,igibson@example.com,9475213378,"113 Alexis Crossing Apt. 075
Robertside, AZ 55976"
433,434,Joshua,Graves,cwright@example.org,9552068638,"94764 Danielle Street
Lucasville, KY 75541"
434,435,Alfred,Marquez,juan84@example.org,727.432.2801,"80184 Lori Ways
Nelsonbury, DE 84962"
435,436,Edward,Smith,kpena@example.com,001-543-508-8140x530,"7585 Danielle Shores
Herreraville, PR 62706"
436,437,Tiffany,Green,christian11@example.org,+1-981-961-7473,"49140 Jessica Highway
Smithberg, ME 58431"
437,438,Melissa,Shah,theresawatkins@example.com,683.297.5012,"10450 Eaton Port Apt. 182
North Eileen, LA 77181"
438,439,Laurie,Taylor,rgarcia@example.org,7542481494,"52633 Edwards Island Apt. 273
West Robertmouth, AS 01704"
439,440,Diamond,Mack,hsmith@example.org,7647041067,"75758 Roberta Bypass Apt. 876
Lynnville, WV 93348"
440,441,Sarah,Williams,shepherdsarah@example.net,(647)494-2677x65719,"437 Smith Parkways
New Donaldmouth, RI 27552"
441,442,Desiree,Macias,qlee@example.net,(997)407-1890x25067,"3255 Kelly Rapid
Jenniferfurt, HI 74626"
442,443,William,Gross,byrdpeter@example.com,870-913-2924,"744 Anthony Ranch
Michaelstad, NV 56667"
443,444,Dakota,Holt,ryan42@example.org,431.239.0846x25201,"955 Burke Cove
Cannonberg, AR 75165"
444,445,Anna,Hale,dana30@example.org,001-678-251-8649x510,"PSC 4720, Box 2003
APO AP 59425"
445,446,Brian,Owens,alexanderfreeman@example.net,460.713.3031,"52863 Jason Point
Clarkville, AS 63327"
446,447,David,Douglas,davidmartinez@example.org,355-776-3608x7915,"771 Jason Ridges
Port Jennifer, GU 27113"
447,448,Derrick,Freeman,dyerbrandy@example.com,788.669.2319x2586,"USNS Powers
FPO AP 20364"
448,449,Troy,Martin,masonmichael@example.net,542.453.3352,"USNV George
FPO AP 77575"
449,450,Melissa,Sanchez,johnchandler@example.com,001-848-947-3952x29807,"587 Kelly Trail
Smithchester, WV 49035"
450,451,Haley,Gray,sgonzales@example.net,(310)431-3032,"7673 Drake Curve
Barbarafort, UT 88331"
451,452,Gregory,White,yodergeorge@example.org,(460)922-6954x65496,"266 Tyler Wall
North Hayden, MA 07754"
452,453,Johnny,Moses,ldelgado@example.org,258-720-1806x2742,"5111 William Expressway
Mariohaven, MP 38394"
453,454,Martha,Garner,jennifermacias@example.org,414.271.7054x583,"79557 Rachel Via Suite 538
Debrachester, DE 17826"
454,455,Jeremy,Brady,cmiller@example.org,620.923.1759,"716 Conley Isle Suite 486
Lake Paulmouth, WY 74017"
455,456,Daniel,Torres,robert96@example.com,349-788-1577,"323 Deborah Roads Apt. 497
East Makayla, IA 82569"
456,457,Heidi,Decker,debra13@example.org,(891)962-0814x08585,"6677 Jeffery Forge
Port Anthony, OR 75510"
457,458,Cheryl,James,brianprince@example.org,(332)326-9622x5447,"34007 Jennifer Hills Apt. 630
East Saraview, MS 90755"
458,459,Bruce,Davis,sandrastone@example.org,357-936-8413,"4489 Kimberly Dam
New Erin, SC 88594"
459,460,David,Newman,bryce43@example.org,(850)689-9878x23307,"165 Stephanie Highway Suite 824
South Heatherborough, HI 14954"
460,461,Vincent,Mccarthy,elizabeth36@example.org,484.290.3333,"57736 Tiffany Radial
New Brittney, OR 56912"
461,462,Rachel,Anderson,cassandra75@example.com,612-958-9726x55468,"96400 Roth Lock
East Sandra, NV 59734"
462,463,Kayla,Valdez,deborahdavis@example.org,541.213.5067x7162,"39620 Stanton Course Suite 944
New Brittney, MA 46735"
463,464,Kenneth,Allen,kathryn62@example.com,319-918-4975,"7124 Livingston Harbors Apt. 768
Hudsonport, MI 73349"
464,465,Connie,Garrett,hornjoel@example.org,001-950-899-0250x0357,"40212 Simmons Pines Apt. 565
Kathleenfort, NV 76385"
465,466,Madison,Skinner,caitlingeorge@example.org,(429)439-4928,"31452 William Highway Apt. 315
Huangstad, AZ 87140"
466,467,Lisa,Goodman,tgarza@example.com,241.495.4157,"5385 Joshua Tunnel Apt. 907
Lake Crystal, KS 62914"
467,468,Elizabeth,Murphy,gturner@example.org,001-529-524-4839x34995,"177 Virginia Estate
Robertstad, CO 41145"
468,469,Sue,Bond,whitechristine@example.com,001-576-900-3391x9702,"8234 Williams Lock Suite 406
East Susan, KY 30466"
469,470,Amanda,Nelson,darren98@example.net,(920)471-8412,"0451 Stone Parkways Suite 249
Port Melinda, MS 93842"
470,471,Zachary,Mason,daviscody@example.net,590-226-2124,"6843 Davis Ranch Apt. 927
West Matthewton, FM 13620"
471,472,Debra,Chavez,nicolekerr@example.com,9493782916,"2060 Pittman Corner
Chapmanberg, SC 90121"
472,473,James,Cox,wthompson@example.org,001-613-661-9899,"920 Sarah Street
Lake Zachary, MD 40484"
473,474,Lisa,Johnson,idurham@example.net,(907)372-3768x572,"3245 Rice Stravenue Suite 759
West Brittany, OK 91899"
474,475,Cody,Sanders,miguelflowers@example.org,8798484788,"0391 James Course
Johnview, DE 07646"
475,476,Becky,Villa,mayersarah@example.net,397.909.0848,"192 Richardson River
West Scottfurt, GU 56841"
476,477,Jennifer,Mayer,pbradley@example.org,(850)568-9357,"55654 Michael Turnpike
Floresside, OH 38640"
477,478,David,Carter,donovanjohn@example.net,473.443.5436,"704 Jay Isle Suite 591
Joannamouth, TN 50171"
478,479,Brandon,Cunningham,michaeljones@example.net,979-217-0369x08923,"9478 Stevenson Spur
Jerometown, NJ 37833"
479,480,Daniel,Key,amy26@example.com,(425)490-3789,"0935 Levine Cliffs
Tamarastad, ME 22471"
480,481,Kelli,West,jeffreyfranklin@example.net,773-707-4023,"USNV Garcia
FPO AE 47958"
481,482,Mary,Richards,qellis@example.org,3755492513,"224 Michael Hills
West Tinaville, UT 91495"
482,483,Lori,Gilbert,longanna@example.com,001-312-223-6454x1256,"528 Tina Stream Apt. 648
Lauramouth, CO 28400"
483,484,Daisy,Lucas,marnold@example.net,558-738-8714x23726,"14761 Craig Lakes Apt. 449
Lake Derrickview, KY 92257"
484,485,Kimberly,Meyer,donaldlewis@example.com,883.349.8141x86590,"443 Harris Vista Suite 839
Melanietown, MI 61808"
485,486,Jonathan,Peterson,smithsamuel@example.com,(823)251-4595x7513,"7500 Clark Villages
East Amy, VT 33012"
486,487,Lisa,Obrien,martin76@example.org,3563864180,"Unit 1464 Box 6360
DPO AA 50958"
487,488,Timothy,Hanson,kathy73@example.org,001-200-322-9273x3137,"609 Susan Port Apt. 844
West Steven, OR 58618"
488,489,Stephen,Hawkins,erivera@example.net,(223)495-4834x80122,"691 Meyers Squares Suite 610
Bassfort, WA 86319"
489,490,Zachary,Mueller,mike14@example.net,001-708-458-6876,"2470 Chad Forks Apt. 115
Elizabethport, MT 11728"
490,491,Jennifer,Jackson,charles06@example.com,782-705-9011x083,"89607 Matthew Burgs Suite 034
North Matthew, WA 54867"
491,492,Jean,James,coxmark@example.net,(582)265-0913,"076 Johnathan Stream Suite 681
Lake Lauraview, ND 93326"
492,493,Andrew,Stewart,nchapman@example.net,840-856-7683,"0022 Chase Spur Suite 290
East Raymondmouth, ME 69166"
493,494,Jessica,Davis,ryanhenry@example.com,8415626532,"62618 Baker Club
Lake Dustin, AR 95162"
494,495,Courtney,Ferguson,rluna@example.net,+1-875-532-7408,"7518 Connor Keys
Millerview, FM 61916"
495,496,Susan,Martinez,derrick05@example.org,958-207-1478x1936,"7557 Sarah Parks
West Bernard, PA 03185"
496,497,Lisa,Beard,loveandrea@example.org,001-401-305-1203,"286 Lambert Mission Apt. 742
West Deborah, WA 07216"
497,498,Anita,Arnold,robert70@example.com,236-203-4148,"763 Savannah Mission
South Meganville, NV 79048"
498,499,Gabriel,Howard,dwelch@example.org,448-994-8662x85102,"384 Gregory Forge
South Lori, MN 32584"
499,500,Kevin,Burton,ncohen@example.net,+1-887-552-2265x14202,"Unit 5692 Box 6078
DPO AP 21453"
