,VendorID,VendorName,Address,City,State,ZipCode,Country
0,1,"Rodriguez, Figueroa and Sanchez",181 Johnson Course,East William,AK,74064,US
1,2,Baldwin Ltd,79402 Peterson Drives Apt. 511,Davisstad,PA,35172,US
2,3,Blair PLC,1849 Ray Squares,North Donnaport,CO,31013,US
3,4,James Group,55341 Amanda Gardens Apt. 764,Lake Mark,WI,07832,US
4,5,Underwood LLC,1395 Diana Locks Suite 242,Lake Anna,KS,98413,US
5,6,"Patterson, Silva and Cox",710 Eric Estate,Carlsonfurt,MS,78605,US
6,7,Rice-Maddox,184 Rodriguez Mews,South Aaron,VA,94830,US
7,8,Stanton-Gill,489 Eric Track,New Stephanie,NC,00575,US
8,9,"Nguyen, Smith and Hickman",03911 Cabrera Trace Apt. 278,West Allison,PA,55962,US
9,10,Hickman Ltd,465 Lam Mission,East Jeffreymouth,AK,77611,US
10,11,"Hall, Robinson and Jones",10518 Joshua Oval,New David,FM,75348,US
11,12,"Kennedy, Mueller and Aguirre",16566 Shields Center,North Richardmouth,AS,14823,US
12,13,Lee PLC,62473 Scott Wall Apt. 080,Port Melindaburgh,MT,64154,US
13,14,Lewis-Morales,60647 Henderson Street,Mooreport,IL,08166,US
14,15,"Fitzgerald, Brown and Edwards",788 Brian Pass,Port Jacobland,TX,31329,US
15,16,Wilson-Zamora,909 Robert Prairie,Sarahborough,TN,94373,US
16,17,Allen-Foster,5107 Charles Forest Suite 251,West Justin,NV,71701,US
17,18,"Turner, Riggs and Roman",841 Joseph Coves,West Juan,IL,94559,US
18,19,Harris-Walters,740 Cynthia Village Suite 005,Lake Tina,GA,97655,US
19,20,Arnold-Patterson,12805 Russell Canyon,Michaelton,MH,47399,US
20,21,Fleming Ltd,8692 Michelle Union,South Angel,WA,44041,US
21,22,Pham-Shields,2160 Walker Viaduct,Baileybury,IN,03602,US
22,23,"Lee, Murphy and Lin",8685 Darrell Green Apt. 940,New Ryanmouth,NE,79958,US
23,24,"Wilson, Lam and Lee",608 Michael Cliff,Cindyville,VA,39864,US
24,25,"Parker, Ortiz and Powell",236 Byrd Extensions Suite 680,Justinchester,WY,76520,US
25,26,"Pena, Marshall and Ramos",721 Robertson Roads,Clarencebury,TX,41188,US
26,27,Drake and Sons,37917 Mercado Ports,Lake Heather,NM,52884,US
27,28,Hernandez Ltd,63287 Angela Vista,South Dennismouth,TN,70117,US
28,29,"Larson, Dodson and Vance",727 Green Gateway Suite 873,Scottport,IA,36115,US
29,30,Flores-Fernandez,36231 Russell Plains,Perryborough,MP,55570,US
30,31,Stein-Silva,670 Evans Loaf,Medinaside,AS,79570,US
31,32,Freeman LLC,0656 Mary Crossroad Apt. 699,North Dawnberg,VI,61016,US
32,33,Williams Group,75564 King Common Suite 080,Jeffreyland,WI,85927,US
33,34,Webster and Sons,92327 Anne Forge,Lyonsstad,GA,79916,US
34,35,"Stuart, Higgins and Strickland",1904 Sanders Stravenue,North Brittany,MP,82714,US
35,36,Garcia LLC,058 Stanley Cliff,Alexanderchester,GU,64752,US
36,37,Hamilton LLC,262 Gilbert Plain Suite 769,Marcusbury,MP,11860,US
37,38,Keith-Sanchez,965 Troy Islands Apt. 735,Matthewview,OH,01831,US
38,39,"Vaughan, Miller and Cortez",377 Mcguire Course Suite 363,Elizabethstad,NJ,73045,US
39,40,"Cooper, Barajas and Pierce",744 Hall Stravenue Apt. 518,East Javier,NJ,36742,US
40,41,"Lawrence, Wolf and Carlson",43524 Jean Crossroad,Brandonton,OH,38791,US
41,42,"Raymond, Little and Mullins",94777 Lopez Center,Shelleyfort,DE,09065,US
42,43,Vasquez-Ray,29413 Angela Mall,Port Alexandra,NV,58529,US
43,44,Dalton-Branch,909 Stacey Fords Apt. 412,East Andrea,GA,00851,US
44,45,Hayes-Wheeler,34471 Sandra Turnpike Apt. 618,Lake Edward,KY,19144,US
45,46,Brown LLC,1746 Mason Park Suite 190,Navarroview,AK,12471,US
46,47,Hayden PLC,490 Thomas Run,Moonburgh,OR,57633,US
47,48,"Olsen, Costa and Harrison",5125 Steele Heights Suite 807,West Johnnyville,WI,53477,US
48,49,"Bryan, Smith and Booth",0385 Garrett Trace Apt. 348,West Samuel,UT,64033,US
49,50,Johnson Ltd,248 Andrea Course,Port Robin,NH,15897,US
50,51,"Collier, Jimenez and Moran",7737 Patrick Rapid Apt. 146,Sarahhaven,KY,00837,US
51,52,Barber-Monroe,78755 Gibson Islands Apt. 396,Port Kimberly,AZ,42205,US
52,53,"Kennedy, Mcintyre and James",0289 Kane Well,Garciamouth,AL,95193,US
53,54,Ortiz Ltd,74596 Melissa Walk,Finleyfort,VI,71413,US
54,55,Williamson and Sons,16117 Heather Burgs Apt. 504,Nicholasberg,IA,70122,US
55,56,Knight-Sparks,19693 Durham Divide,South Dana,NH,33967,US
56,57,"Smith, Ballard and Santana",75946 Bryant Hollow,South Melissa,CT,31592,US
57,58,Armstrong-Andrews,64090 Wall Heights Apt. 953,New John,WV,94994,US
58,59,"Becker, Taylor and Davis",7095 Christopher Hill,Julieburgh,ID,17823,US
59,60,"Walter, Diaz and Shaw",47451 Mccarty Divide Apt. 685,Port Ralphview,ND,16700,US
60,61,Richardson-Curry,651 Thomas River Suite 931,Blankenshipport,SD,54017,US
61,62,Taylor Inc,1138 Paul Land Suite 926,Port Tracychester,KY,04789,US
62,63,"Wood, Ramos and Sampson",58506 Lopez Crossing Suite 139,North Kristinbury,DC,74501,US
63,64,Jones PLC,335 Kristina Ranch,West Micheleberg,DC,71308,US
64,65,Lindsey-Rodriguez,05395 Grant Center,Lake Robert,DE,98236,US
65,66,Alvarez LLC,8390 Ellis Burgs,South Melaniechester,TX,14651,US
66,67,Joseph-Wallace,9212 Weber Prairie,Oscarhaven,LA,59970,US
67,68,"Jacobs, Garcia and Miles",7365 Ross Stream,West Ronaldview,MN,20507,US
68,69,"Leblanc, Jones and Decker",1528 Brenda Points,Elizabethchester,MI,87708,US
69,70,Parrish-Griffith,451 Eric Orchard Apt. 158,Dannyview,OK,30144,US
70,71,Bruce-Villegas,402 Park Inlet,Michaelburgh,VI,19277,US
71,72,"Sandoval, Jones and Figueroa",83667 Moore Inlet,Kimberlyshire,PA,11636,US
72,73,Moore PLC,147 Tucker Mills,Nelsonhaven,DE,45743,US
73,74,Rodriguez-Gregory,403 Joyce Centers Apt. 343,Port Jonathan,MD,16227,US
74,75,Jimenez Group,68388 Jones Wall,South Andrewland,VI,41534,US
75,76,"Patterson, Sullivan and Bowman",60529 Collier Lake Apt. 613,Chapmanhaven,CO,52374,US
76,77,Reese-Walker,81883 Bell Viaduct,East Curtis,KS,26357,US
77,78,Morrison Ltd,77997 Lin Road,Edwardland,NJ,58462,US
78,79,"Turner, Hill and Brown",7700 Decker Club,New Brookefurt,NH,76565,US
79,80,"Best, Stevenson and Williams",9782 Shannon Valleys,Toniland,NY,85190,US
80,81,Williams Ltd,8892 Watson Haven Suite 659,Port Crystalmouth,CA,43714,US
81,82,Grant Group,9251 Sabrina Inlet Suite 291,Angelicamouth,GU,17251,US
82,83,"Warner, Valentine and Osborn",685 Michael Falls,West Stacey,NM,25667,US
83,84,Cooke and Sons,1888 Ebony Wells,New Nicholas,GA,24204,US
84,85,"Wise, Lamb and Martin",65379 Goodwin Tunnel Suite 383,Tammyfort,MH,25931,US
85,86,Gregory-Hudson,4688 Burch Viaduct Apt. 924,Lake Timothystad,OH,13947,US
86,87,"Singleton, Rosales and Mitchell",7826 Stacey Forges,Wilkersontown,MT,07481,US
87,88,Shaw-Young,3051 Moody Dam,West Samanthafort,UT,18692,US
88,89,"Harrison, Gilbert and Bullock",3289 Rodriguez Heights,West David,IA,55528,US
89,90,"Bauer, Bryant and Rodriguez",808 Jennifer Highway Suite 095,New Robert,TN,88085,US
90,91,Mills LLC,888 Peter Mountains,Lake Paulstad,KS,98453,US
91,92,Kelly Inc,19520 Payne Via Apt. 772,North Jennifer,NH,05348,US
92,93,Harris-Moody,4868 King Terrace,West Michael,WI,06766,US
93,94,"Rivera, Martinez and Richardson",765 Tyler Parks Suite 841,Millerburgh,ND,39005,US
94,95,Garcia-Murphy,7962 Bell Canyon Suite 964,North Emilyfurt,MN,67752,US
95,96,"Shelton, Cisneros and Thomas",21355 Herring Bypass Apt. 755,Hinesshire,DC,69898,US
96,97,Sanders-Banks,02786 Jose Green,Lewisport,UT,64883,US
97,98,Martinez Inc,71551 Vance Vista Apt. 258,North Tracie,WY,18703,US
98,99,Tyler Inc,957 Cheryl Corners Apt. 467,Hammondshire,CA,16927,US
99,100,Day-Cole,89226 Marie Path Apt. 422,Sarahbury,MI,68513,US
100,101,Singleton-King,49818 Brittany Prairie Apt. 299,Meganshire,AZ,04219,US
101,102,Williams Ltd,396 Tyler Road Suite 473,Evansland,UT,08353,US
102,103,Gonzales Group,59255 Hester Curve Suite 881,Johnville,KY,59430,US
103,104,Thomas Inc,9632 Peck Stravenue Suite 327,Jimenezport,NM,03538,US
104,105,Landry PLC,39500 Simpson Ville Suite 480,South Dennisview,VA,48444,US
105,106,Diaz-Morales,8416 Duran Harbors,East Theresafurt,MN,44945,US
106,107,"Mcmillan, Fischer and Gonzalez",000 Jennifer Unions Suite 872,West Sarah,MD,21800,US
107,108,Ewing-Stevenson,588 Erickson Hills Suite 055,South Brandytown,PA,62706,US
108,109,Coffey-Patton,097 Alexandria Stravenue,Hernandezbury,AZ,75548,US
109,110,"Rodriguez, Smith and Edwards",3689 Salas Street,Lake Devinborough,OH,43105,US
110,111,"Mendoza, Bennett and Frye",585 Bishop Fields Apt. 484,West Kellie,VT,27669,US
111,112,"Bush, Stewart and Bailey",1986 Cardenas Trail Apt. 404,West Sandraview,WA,63294,US
112,113,Harris PLC,421 John Skyway Apt. 301,Riverafort,CT,89786,US
113,114,Smith PLC,7734 Mitchell Circle,Lake Audreyside,WA,95281,US
114,115,Gentry and Sons,06724 Albert Port Apt. 547,Smallberg,PR,66589,US
115,116,Nelson-Lamb,74205 Bradley Throughway Apt. 296,Robertsonland,MO,88221,US
116,117,Lopez and Sons,3046 Sean Grove Suite 499,West Desireebury,AR,88029,US
117,118,Marshall and Sons,841 Richardson Forges Apt. 272,Adkinsstad,MT,92505,US
118,119,"Durham, Todd and Pham",91878 Miller Port,North Mariahaven,ID,75566,US
119,120,"Hernandez, Murphy and Meyer",397 Rachel Mission,South Davidchester,NH,74413,US
120,121,Hansen Ltd,064 Julie Prairie Apt. 065,New Virginialand,NJ,04660,US
121,122,Ortiz-Mack,6766 Felicia Shore Apt. 512,Ricebury,MP,00956,US
122,123,Good Group,633 Reed Harbor Apt. 106,East Jamieville,PA,04901,US
123,124,Harper-Warner,06738 Karen Trail,East Williamport,IN,96382,US
124,125,"Flores, Harper and Chambers",42836 Hill Point Apt. 687,West Shellyfurt,WY,69243,US
125,126,Horton-Russell,2873 Kevin Station Apt. 708,Faulknerside,NC,18076,US
126,127,Sanchez-Harris,5183 Joseph Spring,Port Charlesshire,VA,88509,US
127,128,"Robinson, Clark and Meadows",33173 Randy Garden Suite 467,Kylestad,NY,65680,US
128,129,Garcia-Zavala,3556 Anna Forges Apt. 048,Phillipsborough,MA,30650,US
129,130,Hudson-Sanchez,7772 Jackson Stravenue Suite 280,Port Melanieton,WV,01337,US
130,131,Taylor-Mccoy,203 Brooks River,Hopkinstown,AL,70259,US
131,132,"Jenkins, Smith and Bowen",86211 John River Suite 546,West Susanmouth,OK,32378,US
132,133,"Perez, Sutton and Abbott",66687 Dana Squares,North Vincent,NE,85030,US
133,134,Knight-Hodge,033 Nelson Club,Rachelshire,TN,04813,US
134,135,Mcfarland LLC,92614 Anne Port,Rhodesside,MA,50812,US
135,136,"Taylor, Hinton and Ramsey",16315 Novak Islands Apt. 477,West Angela,MS,57104,US
136,137,Frazier Ltd,94311 Moore Station Apt. 655,North Adamport,NV,47676,US
137,138,Garcia-Miller,8886 Anthony Knoll Apt. 995,Smithchester,MS,11602,US
138,139,"Santana, Stein and Spence",622 Turner Park,North Gary,KY,55695,US
139,140,Washington-Jones,79937 Derek Avenue Suite 596,Scottchester,GU,85833,US
140,141,"Taylor, Flores and Valentine",5265 Navarro Roads,Faulknerbury,MD,49791,US
141,142,Velasquez-Long,398 Erin Plaza,Lake Stevenborough,NV,38686,US
142,143,"Jones, Abbott and Pope",43426 Jones Rapid Suite 968,Stephensstad,UT,70874,US
143,144,"Little, Miller and Mack",90965 Rodriguez Courts Suite 388,South Neil,NH,89571,US
144,145,"Vaughn, Hernandez and Cuevas",46112 Collins Motorway Apt. 875,Davismouth,MD,09305,US
145,146,Williams-Page,1238 Andrea Isle,Mullenbury,AS,53591,US
146,147,"Lopez, Davidson and Reynolds",937 Price Squares,East Joshua,VT,08701,US
147,148,"Garcia, Wiggins and Lopez",71478 Harper Ridge Suite 915,Meganburgh,GU,88789,US
148,149,"Mcbride, Sellers and Lawrence",1341 Nathaniel Divide,Barnesberg,OK,50794,US
149,150,Lopez-Reid,274 Jacob Ville,Harveystad,AL,64019,US
150,151,Lee Group,7677 Christopher Burgs Apt. 404,New Keith,WI,60443,US
151,152,"Newton, Cannon and Dunn",148 Weaver Throughway,Port Jenniferside,IL,56226,US
152,153,Fitzgerald Ltd,0745 Scott Crest,East Lisa,OR,90827,US
153,154,Callahan-Bishop,92330 Patel Ranch Apt. 544,Stephaniehaven,MH,89538,US
154,155,Taylor Group,2232 Poole Trace,Burnsshire,SC,35722,US
155,156,"Perry, Hayes and Schultz",8457 Murphy Alley,Lake Teresastad,PR,08801,US
156,157,"Sanders, Donaldson and Summers",5458 Ashlee Oval Suite 001,Smithburgh,NV,60337,US
157,158,Braun Group,242 Davis Lake,Christopherburgh,AR,52450,US
158,159,"Torres, Lyons and Young",103 Miller Ramp,New Erin,AL,01557,US
159,160,"Cooper, Martinez and Dalton",1361 Dakota Land,Derrickberg,SD,89254,US
160,161,Jones PLC,275 Courtney Drive,Jensenmouth,VI,28975,US
161,162,Mosley and Sons,656 Moody Gateway,Deannabury,OH,79275,US
162,163,"Griffith, Mitchell and Pugh",438 Julie Hill,Port Rachaelbury,NM,51079,US
163,164,Allen Ltd,055 Paul Villages,Diazburgh,WV,62237,US
164,165,Smith Inc,3006 Fuller Parkway,Hendersonfurt,CO,84457,US
165,166,"Medina, Hernandez and Miller",328 Myers Roads,West Hollybury,AR,32545,US
166,167,Middleton Inc,904 David Station Apt. 027,Alexandraview,GA,49242,US
167,168,Brady LLC,56481 Joseph Ports,South Spencerstad,AR,65985,US
168,169,"Jackson, Moore and Ayala",80003 Thomas Lights,East Sarah,PR,05136,US
169,170,"Pratt, Klein and Rios",3654 Ashley Crest,East Jeffreyhaven,AZ,53051,US
170,171,Wiley LLC,1870 Gonzalez Port Suite 937,Brittanyfort,WI,26115,US
171,172,"Mccullough, Hodges and Sanchez",0385 Stephanie Alley,Sweeneyport,CT,27396,US
172,173,"Bird, Barnes and Woodward",410 Phyllis Pike,Haynesstad,NH,98529,US
173,174,Carpenter PLC,619 Ryan Curve,West Jose,MD,52006,US
174,175,"Decker, Nguyen and Chavez",32912 Frank Mountain,Richardside,MI,27716,US
175,176,Parker-Baker,24903 Hernandez Station,West Randy,AR,89260,US
176,177,Green-Ewing,7883 Steven Unions,North Alexander,MP,29636,US
177,178,Gonzalez Group,199 Lowery Club Apt. 137,North Rebecca,MP,43957,US
178,179,Williams Group,96670 Vega Extensions,Jasonburgh,KY,37182,US
179,180,Stephenson-Johnson,476 Brown Harbors,Taylorborough,SD,69420,US
180,181,Mccoy PLC,5787 Durham Parkway,Paulburgh,AK,42296,US
181,182,"Robinson, Huang and Osborne",8593 Craig Shoals,West Amanda,WY,97108,US
182,183,Gallagher and Sons,2239 Drake Square Suite 905,New Stacy,MP,65018,US
183,184,"Parker, Henry and Davis",308 Smith Ridges,Port David,VT,23761,US
184,185,Brown-Hernandez,85156 Matthew Islands,East Jessica,NE,84290,US
185,186,Banks-Thompson,92644 Gregory Alley Suite 902,Samanthabury,SC,74628,US
186,187,Zuniga and Sons,135 Jackson Corners Suite 704,East Heather,MI,34141,US
187,188,Le Inc,6267 Bell Lane Apt. 793,South Charles,PR,04880,US
188,189,Smith-Green,52621 Matthew Ridges,Bushchester,SD,22127,US
189,190,"Preston, Moore and Garcia",68844 Young Causeway,Armstrongfort,FL,07645,US
190,191,Smith-Miller,10324 Thomas Crescent Suite 677,Christopherside,MS,24733,US
191,192,Mcclure-Wood,47743 Elliott Drive Apt. 158,Arellanoshire,IN,73062,US
192,193,Randall PLC,793 Evans Locks Apt. 898,North Stacy,NV,23160,US
193,194,Stanton and Sons,61632 Flores Stream,North Paulfurt,OH,43247,US
194,195,Stone-Stark,998 Rodriguez Drive,New Brianna,WV,13634,US
195,196,Hart Inc,564 Pena Ports Suite 024,Thomasfurt,AZ,52378,US
196,197,Vaughn-Williams,5054 Ramirez Overpass Apt. 324,Schroedermouth,KY,96026,US
197,198,Jacobs-Davis,67850 Cameron Station Suite 289,East Jamesborough,MP,08054,US
198,199,Johnson Inc,345 Wagner Roads Apt. 035,Wheelerburgh,VI,62705,US
199,200,"Arnold, Cooper and Monroe",140 Williams Walk Apt. 333,Denisehaven,AK,89918,US
200,201,Wells and Sons,034 Marquez Station,Rodneyfurt,PR,46207,US
201,202,King-Owens,108 Hoffman Ranch Suite 417,West Vanessamouth,VI,36792,US
202,203,Douglas-Farley,28309 Guerrero Springs Apt. 074,Rebeccafurt,MS,97065,US
203,204,Aguilar PLC,3875 Bruce Ville,West Connor,DC,97614,US
204,205,Hardy-Hansen,513 Walker Well,Robertmouth,MN,34653,US
205,206,"Carter, York and Ruiz",3816 Gutierrez Ways,East Victoria,MA,54134,US
206,207,"Orozco, Hatfield and Thomas",75250 Shannon Fords,New Kathy,NM,12040,US
207,208,Mendez Ltd,6760 Amanda Street Suite 058,North Erica,SC,96655,US
208,209,Perez LLC,16894 Cameron Cape Suite 478,Ryanberg,MA,64749,US
209,210,Christensen-Martin,33230 David Station Apt. 648,New Virginiaville,SD,03088,US
210,211,Norris Group,1847 Jamie Spur Apt. 461,Cindyberg,MT,14252,US
211,212,"Higgins, Wilson and Wilson",3934 Michael Lodge,Ethanside,NM,27723,US
212,213,"Fitzpatrick, Rivera and Smith",97218 Jennifer Courts,Dawnmouth,LA,35120,US
213,214,Williams-Li,5561 Melissa Cape,Port Devonburgh,MA,47362,US
214,215,Friedman-Adams,5216 Rivers Groves,Vaughnfort,AS,55779,US
215,216,"Mercado, Jackson and Anderson",16979 White Light,Cherylberg,NJ,64480,US
216,217,Clay Group,45089 Tiffany Skyway,Aprilville,NE,87233,US
217,218,"Wright, Reed and Rhodes",89002 Christian Ways Apt. 175,West Tara,AR,66945,US
218,219,Pierce Group,17797 Melissa Mission Suite 170,South Robertside,OH,00523,US
219,220,Conner PLC,837 Cox Center Apt. 758,Moranstad,VT,59815,US
220,221,Davis Ltd,55488 Park Cape,South Donald,VT,97823,US
221,222,"Ortiz, King and Gonzalez",3735 Katherine Cape,Port Patriciamouth,TN,77743,US
222,223,"Taylor, Porter and Moreno",697 Heather Extensions,North Paul,PA,79951,US
223,224,Gordon-Cruz,6547 Devon Rapids,Meganside,VI,41645,US
224,225,"Doyle, Spencer and Robinson",452 William Square,Jenniferstad,OH,63464,US
225,226,"Duncan, Contreras and Butler",0810 Thomas Skyway Apt. 342,Francesberg,MP,08631,US
226,227,"Mueller, Harris and Weaver",1983 Young Tunnel Suite 066,Fryemouth,OH,07552,US
227,228,Manning and Sons,59893 Kelly Fall Apt. 228,South Billyview,OH,35135,US
228,229,Martin LLC,7202 Carlson Trail,Tracyshire,OH,47435,US
229,230,Bowers LLC,81826 Davis Forges,Lake Martin,MN,38980,US
230,231,Clements PLC,015 Allen Row Apt. 056,South Jonathanport,AK,68247,US
231,232,Robertson-Hicks,43581 Gary Trail Apt. 133,Houstonborough,ND,92610,US
232,233,"Rowe, Lucas and Case",75011 Gregory Glen,New Lorraineview,MT,51361,US
233,234,Mccoy-Hamilton,1809 Katelyn Prairie,Lake Melaniestad,NY,14412,US
234,235,Buchanan-Turner,7660 Moore Forges,Lake Peter,AS,72030,US
235,236,Choi-Thomas,88210 Ashley Lock Apt. 435,South Rebecca,PR,67682,US
236,237,Martin and Sons,12908 Newman Cliffs Suite 141,Lake Beverly,MA,47311,US
237,238,Lambert and Sons,9135 Hayes Ridges,Heatherberg,OK,74800,US
238,239,Aguirre-Benjamin,53364 Taylor Street,Nataliemouth,NV,47521,US
239,240,Tucker-Rodriguez,2834 Jessica Brook,Port Bonniefurt,WI,77838,US
240,241,Escobar PLC,872 Long Trail Suite 278,South Michaeltown,TN,31811,US
241,242,"Sutton, Todd and Taylor",99275 Jeffery Oval,North Joseph,IN,06111,US
242,243,"Clark, Velez and Ward",0051 Davenport Greens Apt. 665,New Johnbury,NC,53695,US
243,244,Roth-Reed,082 Martin Club Suite 322,West Carolyn,GU,16010,US
244,245,"Hall, Shepherd and Cortez",773 Deborah Loop Apt. 302,East Crystal,AZ,75509,US
245,246,Brown LLC,699 Natalie Stream,Staceyborough,NV,79999,US
246,247,Dillon-Jackson,292 Jackson Spur Suite 799,East Nicholasberg,CT,02671,US
247,248,Mills PLC,91279 Natalie Place Apt. 172,Port Erikachester,NC,55640,US
248,249,Golden-Wolfe,76599 Ronald Glens Suite 314,Scotttown,VT,97972,US
249,250,Lane Inc,3565 Eric Run,Joseside,NE,74513,US
250,251,Carr-Braun,68872 Hansen Orchard Suite 495,Fitzgeraldville,WA,30617,US
251,252,Logan-Avery,86589 Eugene Roads,Port Christopherberg,NJ,79176,US
252,253,Davis-Baker,90669 Dawson Ranch Apt. 277,East Melissahaven,LA,26026,US
253,254,Bowers PLC,205 Diana Estate,West Kimberlystad,TN,52293,US
254,255,Willis-Holmes,84895 Richmond Harbor,New Sylvia,NH,53448,US
255,256,"Smith, Thompson and Hunter",451 Walter Via,Heatherfurt,OK,63891,US
256,257,Todd Group,071 Jones Roads Apt. 356,Zacharytown,UT,35018,US
257,258,Mitchell Group,82755 Patricia Grove Apt. 373,Lake John,KS,27603,US
258,259,Harris and Sons,11179 Kathryn Plains Apt. 759,Travisshire,VI,36510,US
259,260,White-Duran,3920 Mendoza Plains Apt. 856,South Tiffany,UT,68423,US
260,261,Stewart-Smith,9155 Lopez Greens,West Thomas,RI,45471,US
261,262,White-Coleman,556 Hayes Ports Apt. 931,Lindaside,NE,50424,US
262,263,Thomas Ltd,0267 Wendy Vista,Kristenport,KS,74181,US
263,264,"Williams, Garcia and Martin",7175 Ward Points,Mauricechester,DE,46519,US
264,265,"Mccarty, Gonzalez and Johnston",5587 Preston Light,Stevenberg,VI,22465,US
265,266,"Morton, Rogers and Welch",12535 Delgado Station Suite 964,Normanstad,WA,77429,US
266,267,"Sheppard, Gutierrez and White",34132 Garcia Circles,Kelleytown,WI,52538,US
267,268,"Hubbard, Miller and Baker",64334 Sims Curve,North Austin,MI,43125,US
268,269,Mcdonald-Pitts,728 Brittany Motorway Suite 884,Timothybury,AS,12239,US
269,270,Parker-Gutierrez,0082 Mitchell Place,Lake Sandrafort,ME,01698,US
270,271,Yates-Harper,536 Foster Estates,Claytonbury,KS,10883,US
271,272,Garrett-Black,8463 Ian Highway Apt. 797,Jackiefort,ID,42528,US
272,273,Hernandez PLC,14427 Jesse Drive,South Jeffchester,ME,65826,US
273,274,Ford-Moody,20461 White Ville Suite 601,South Kelsey,NV,32897,US
274,275,"Vang, Gonzalez and Moss",376 Mayer Estate,Lake Sharonhaven,DE,33703,US
275,276,Little-Gonzalez,313 Nguyen Expressway,Brendafurt,WY,32363,US
276,277,Novak PLC,925 John Parks Apt. 950,West Deannaside,WY,14577,US
277,278,Freeman LLC,3065 John Canyon Suite 784,Lopezburgh,ND,46070,US
278,279,Oconnor-Hill,82744 Gibson Trail,Grosstown,RI,48221,US
279,280,"Allen, Le and Barrett",87829 Morris Row Suite 118,North Maryberg,HI,04600,US
280,281,Rodriguez and Sons,96789 Williams Forges,North Sarahborough,SD,64910,US
281,282,Mcdonald Ltd,8650 Rice Street,Port Kevinborough,NC,13230,US
282,283,Hardy PLC,38392 Reese Trafficway Suite 761,Port Henry,MO,66652,US
283,284,Sandoval-Ferguson,5855 Duran Meadows Suite 939,South Katie,WA,33804,US
284,285,Nixon-West,04908 Victoria Hollow Apt. 433,Andrewview,PW,73070,US
285,286,"Hawkins, Howe and Moore",5224 Preston Gateway,West Lisa,CO,75275,US
286,287,Carroll-Robinson,572 Petersen Spurs,New Dawnton,VA,76035,US
287,288,Miller-Brown,6613 Cynthia Roads Suite 048,West Amberberg,MD,66351,US
288,289,"Walker, Williams and Dennis",9981 Ryan Turnpike Suite 225,South Ashleyton,OH,52823,US
289,290,Miller-Shaw,78376 Ann Street,East Charles,WI,56870,US
290,291,Cohen-Johnston,665 Lee Key,Port Kevinstad,RI,58462,US
291,292,"Thomas, Williams and Meyers",521 Jodi Gardens,Port Marissa,LA,02301,US
292,293,Benson-Rodriguez,0538 James Pike Suite 879,Lake Holly,AK,49863,US
293,294,"Escobar, Rose and Scott",3940 Pena Branch,South Donnastad,VI,14642,US
294,295,Carter Ltd,68157 Jacob Parkway Suite 800,New Kevin,NM,52064,US
295,296,"Moore, Reed and Bell",84046 Sherry Harbors Apt. 256,North Jessica,NC,89367,US
296,297,"Salas, Parks and Butler",4957 Jamie Dam,Port Devin,UT,92924,US
297,298,"Browning, Jordan and Stout",925 Angela Stravenue,East Lonnieberg,VA,04365,US
298,299,Beard-Gutierrez,7423 David Burg Suite 999,New Jesse,TX,03919,US
299,300,Miller-Chan,975 Melissa Overpass,Taylorborough,IN,04725,US
300,301,Duran-Smith,3331 Sara Mill Suite 573,Sullivanton,PA,96882,US
301,302,Cortez-Long,177 Natalie Gardens,Terrellton,OH,51278,US
302,303,"Hubbard, Estes and Lee",4472 Phillips Center Apt. 771,East Kimberlyside,DC,52021,US
303,304,Morris-Johnson,371 Nguyen Run Apt. 111,Waltersland,NC,93205,US
304,305,Acosta-Hester,8602 Cunningham Shoals,East Misty,HI,93830,US
305,306,Barnes LLC,2123 Cindy Glen Apt. 777,New Nicolebury,IL,77684,US
306,307,"Alvarez, Ortiz and Miller",84983 Jack Centers,Benjaminton,TN,76272,US
307,308,"Evans, Knapp and Williams",24999 Tammy Summit Suite 014,Miguelfurt,GU,09370,US
308,309,Bridges-Brown,14586 Heather Ridge Apt. 198,South Jenniferport,NE,80303,US
309,310,Green-Andrews,99787 Morton Ridge Apt. 430,North Stevenville,WA,27676,US
310,311,"Duarte, Gutierrez and Cook",34414 Hunter Islands,North Ginamouth,MO,95449,US
311,312,"Gilbert, Johnson and Thompson",7702 Moore Mount Suite 760,Annettemouth,OH,70740,US
312,313,Clark Ltd,1240 Terrell Road Apt. 996,New Darryl,WY,99006,US
313,314,Thornton-Edwards,6173 Hayes Hollow,New Kevin,DE,49550,US
314,315,Strickland Inc,078 James Orchard Suite 521,East Jenny,NH,51302,US
315,316,"Hancock, Wilson and Collins",915 Small Cove,Andrewport,SC,28005,US
316,317,Gonzalez-Mitchell,1422 Wilson Road Apt. 385,Josephport,OK,32590,US
317,318,Jones PLC,702 Thomas Spring Apt. 160,South Philipshire,SC,90957,US
318,319,"Griffin, Kelly and Cook",817 Christopher Unions,Davisport,TX,84966,US
319,320,"Miranda, Ruiz and Meza",456 Holly Shores,Kristinamouth,NH,64399,US
320,321,Jones Inc,7245 William Lodge Apt. 581,Amandafurt,OR,54691,US
321,322,Oliver PLC,6153 Mueller Mews,Amybury,HI,87350,US
322,323,"Miller, Galvan and Andrews",99758 Lynn Fall Suite 619,Lake Lisafurt,MD,65289,US
323,324,"Keller, Davis and Montoya",27846 Gonzalez Springs,Kevinport,PW,57481,US
324,325,"Haas, Cooper and Davis",862 Brown Plaza,North Jacquelinestad,DE,37490,US
325,326,Young Ltd,566 Graham Forest Apt. 723,Bridgesstad,MP,55188,US
326,327,Roberts Ltd,01027 Proctor Dale,East Dawnchester,VI,60273,US
327,328,"Munoz, Simmons and White",765 Jacob Rapids Apt. 973,Robertside,OK,48600,US
328,329,Good PLC,519 Nixon Common Apt. 847,New Pamelaland,IA,62426,US
329,330,"Harmon, Horne and Miller",058 Taylor Passage Suite 956,Susanport,LA,22456,US
330,331,Neal PLC,940 Lane Ports Apt. 490,Toddberg,NY,10575,US
331,332,King-Gilbert,0192 Donna Land Apt. 437,Port Alison,AZ,45438,US
332,333,Coffey PLC,6637 Jason Street,Brianview,WV,15704,US
333,334,Jackson Group,7836 Wells Drive Suite 047,Gregoryhaven,TX,05877,US
334,335,Hardin Ltd,9454 Lang Glens Suite 739,New Matthew,UT,24083,US
335,336,Kelley-Chambers,61817 Robinson Haven,Jamestown,RI,12551,US
336,337,Mays Ltd,111 Nicholas Track,North Heather,KS,39110,US
337,338,Guerrero-Jones,6542 Joshua Circle Suite 650,Stephanieview,HI,58248,US
338,339,Vasquez and Sons,71286 Christina Coves Suite 410,North Ashleyview,WI,58943,US
339,340,Mosley and Sons,64256 Zachary Trail,Mendozafurt,PR,95890,US
340,341,Fernandez Inc,719 Cook Hollow Suite 015,Christophermouth,WV,38506,US
341,342,"Harris, Spencer and Ponce",6157 Nicole Mill,East Austin,AK,94838,US
342,343,"Allen, Price and Sparks",8700 Brown Turnpike Apt. 613,Bentleyside,FL,97632,US
343,344,"Hall, Jones and Moss",079 John Run Apt. 020,Loriville,NH,80615,US
344,345,Conley Inc,79931 Ronald Valleys,Nguyenshire,ND,18501,US
345,346,Copeland-Mcguire,251 Joshua Throughway,Jacksonstad,OH,22128,US
346,347,Sanchez-Perkins,96207 Adam Fall,Lake Deniseport,MT,91399,US
347,348,Schwartz-Harris,763 Cheryl Camp Apt. 791,Michaeltown,OH,31386,US
348,349,Wilson PLC,588 Steven Road,West Brian,DE,20059,US
349,350,"Anthony, Pruitt and Jimenez",005 Clark Glen,Christinamouth,AZ,14187,US
350,351,"Williams, Medina and Moore",8113 Watkins Islands,Gonzalezmouth,IN,14936,US
351,352,Perez-Young,63179 Brown Mews Apt. 397,South Nathaniel,NH,94849,US
352,353,Chen LLC,2090 Taylor Walk,Ellisburgh,WV,45534,US
353,354,Tanner PLC,929 Christopher Walks,Atkinsborough,OR,62562,US
354,355,Ramirez-Blair,56939 Robin Avenue,Bairdton,NJ,96639,US
355,356,"Johnson, Schmidt and Mendoza",7318 Heather Lodge,East Michael,IA,85388,US
356,357,Smith Ltd,79907 Ingram Well Suite 257,Port Courtneyfurt,MH,91039,US
357,358,Schmidt-Phillips,989 Kristin Common Suite 085,North Patrickmouth,RI,05858,US
358,359,Richardson-Wong,325 Amber Run,Mclaughlinshire,VI,92624,US
359,360,Mullins and Sons,4864 Bryan Key Suite 788,South Jenniferside,MH,38808,US
360,361,Oliver-Marsh,71162 Mullen Club,East Joshuaberg,NM,20227,US
361,362,Meyer Ltd,6827 Fisher Street,West Jaimetown,VI,30952,US
362,363,"Newman, Jenkins and Cooper",9887 Torres Curve Suite 243,Watsonport,WI,06703,US
363,364,Gomez Group,284 Teresa Villages,East John,AZ,42001,US
364,365,"Martinez, Green and Lopez",552 West Estates,Davidtown,MO,65960,US
365,366,Gould LLC,88547 Montes Throughway,Port Annette,PW,58448,US
366,367,Norris-Dennis,81406 Sean Course,Brianborough,OR,69501,US
367,368,Harrington LLC,18718 Lee Island,Lake Michaelberg,VT,56552,US
368,369,Hughes-Smith,4781 Jessica Mills Suite 742,Chandlerchester,DC,77463,US
369,370,"Miller, Clark and Wells",96106 Perry Point Suite 923,Port Patrick,OH,64803,US
370,371,Carson LLC,8730 Eric Hills Suite 146,South Rebecca,SD,32580,US
371,372,Wilson LLC,95979 Oneill Road Suite 158,Port Jordanshire,AR,19655,US
372,373,Murray-Steele,04565 Keith Pines Apt. 832,New Karenside,MD,41947,US
373,374,"Marsh, Nelson and Wolfe",89520 April Landing Suite 652,East Ericbury,MP,25197,US
374,375,"Austin, Guerra and Fox",7112 Timothy Inlet,Donmouth,FM,78836,US
375,376,"Gallagher, Peterson and Mckinney",132 Hailey Inlet,East David,CO,56181,US
376,377,"Hines, Rodriguez and Smith",0310 Taylor Glen Apt. 140,Port Davidborough,OR,26718,US
377,378,Lambert Inc,49552 William Cliff,Port Belindatown,NC,28943,US
378,379,"Lee, Campbell and Winters",138 Richardson Radial,South Emily,CT,24205,US
379,380,Zavala-Coleman,1517 April Park,Janetside,VA,05823,US
380,381,Murphy Inc,7947 Angela Highway Suite 317,Harryfort,TX,14286,US
381,382,Kim-Barrett,26691 Calvin Flat,Jamesfurt,DE,31023,US
382,383,Hardy-Ramirez,657 Archer Pass Suite 271,West Tracybury,SC,18144,US
383,384,Garcia Inc,0269 Hernandez Road,Port Charleshaven,WI,65013,US
384,385,Harris-Bates,485 Stephanie Bypass Suite 167,Melissamouth,NH,05217,US
385,386,Thompson Ltd,276 Larry Loaf Suite 197,Alvarezburgh,NY,07806,US
386,387,Baker-Garza,545 Anthony Cape Apt. 559,Port Patriciamouth,MS,13260,US
387,388,Reed-Howard,33349 Renee Circles Suite 152,New Markmouth,TN,55875,US
388,389,"Robertson, Fisher and Smith",056 Morris Courts Suite 135,Shawmouth,GA,81087,US
389,390,Cox-Graham,183 Baker Hills Suite 391,New Matthewland,OK,70108,US
390,391,Simmons-Reed,484 Alvarado Island,South Richard,RI,68051,US
391,392,Powers-Kelley,829 Lewis View,Adamsside,AS,81034,US
392,393,Michael-Barber,357 John Summit,Meganchester,MD,08945,US
393,394,"Harris, Gutierrez and Colon",9363 Edward Burgs,Port Margaret,NH,64121,US
394,395,"Esparza, Henderson and Bullock",42044 Dawn Canyon,Caseyton,VI,11501,US
395,396,Guzman-Camacho,1623 Ashley Parkway Apt. 898,Tylerland,IA,79120,US
396,397,Mejia LLC,636 Drew Extensions Apt. 476,Michelleton,NM,70423,US
397,398,Lyons-Rodriguez,3425 Baldwin View Suite 090,Lake Samanthabury,KS,72948,US
398,399,Parker-Mullen,183 Price Lock Suite 413,Jasonburgh,PW,58021,US
399,400,"Stewart, Burnett and Newman",1776 Love Wells,Port Ethanview,NY,09199,US
400,401,Fisher-Daniel,0027 Aaron Flats Suite 591,East Johnberg,PR,78359,US
401,402,"Jenkins, Ayers and Hayes",2954 Christopher Land,South Nancy,MP,75263,US
402,403,Smith Inc,73420 Williamson Rapid,Edwardstad,GA,74850,US
403,404,Smith PLC,7133 Sophia Via Suite 476,South Melissa,PA,28755,US
404,405,Acosta-Lopez,2044 Christine Gateway,Brandimouth,CO,01853,US
405,406,Anderson-Morris,366 Jones Point Apt. 053,Odonnellton,AL,33748,US
406,407,"Harvey, Turner and Foster",80924 William Junction Suite 215,Thomasville,MD,06289,US
407,408,Porter LLC,4494 Graham Expressway Suite 728,Brownberg,AR,30629,US
408,409,Johnson LLC,761 Williams Knolls,Ellisville,PR,94841,US
409,410,Martinez Inc,2284 Brandy Avenue,South Samantha,IA,65789,US
410,411,"Davis, Murphy and Mitchell",5915 Anthony Mount,Gibsonview,PA,86747,US
411,412,Rivera Inc,9230 Morris Centers Apt. 896,South Jonathanbury,WI,52787,US
412,413,Smith and Sons,6421 Henry Meadows,Rebeccaberg,MI,87732,US
413,414,Collier PLC,7674 Davis Manors,Christinachester,SC,56339,US
414,415,Williams LLC,327 Kelly Mews Apt. 742,Lake Rebecca,MP,33092,US
415,416,"Patterson, Carroll and Arnold",186 Davis Shore,Michaelshire,CO,66488,US
416,417,Wilson Ltd,26016 Edwards Stream Suite 794,Tammyburgh,IL,24760,US
417,418,Burgess PLC,168 Adam Crescent Apt. 277,Meltonfort,ME,81568,US
418,419,"Ward, Nunez and Vaughn",1220 Daniel Brook Apt. 037,Lake John,MP,82559,US
419,420,"Lee, Turner and Ford",0122 Maynard Mountains Apt. 793,West Ashley,MP,51846,US
420,421,Cook Inc,7998 Johnson Locks Suite 899,Hallton,NC,02993,US
421,422,Ray-Tran,671 Dean Rue Suite 760,West Jessica,NJ,45569,US
422,423,Hall-Robinson,724 Moyer Village Suite 729,West Hannah,CO,87933,US
423,424,Anderson-Gonzalez,67433 Yvette Knolls Suite 522,Port Brycechester,DE,81446,US
424,425,Martinez and Sons,5508 Kemp Walk Apt. 077,North Kimberlyville,GU,74225,US
425,426,Romero and Sons,52478 Oconnor Courts,Lake Michael,GU,18559,US
426,427,Allison Group,37548 Christopher Landing Suite 532,Cobbberg,AS,56707,US
427,428,Hardin-Villanueva,72081 Matthew Locks Apt. 606,Lake Sandraberg,MH,75809,US
428,429,Levine Ltd,6845 Smith Harbors Apt. 673,Terryfurt,WI,26360,US
429,430,Miller-Medina,288 Lewis Pass Suite 852,North Pamelaside,OR,34408,US
430,431,Collier LLC,105 Sims Knoll Apt. 017,Ashleytown,NH,44931,US
431,432,Trujillo PLC,4492 Stone Gateway,West Zacharyborough,GU,47853,US
432,433,Garcia-Dawson,10627 Sean Land Suite 988,Wigginsshire,NM,83923,US
433,434,Barajas-Barker,622 Todd Mount Apt. 881,South Thomas,WA,21058,US
434,435,"Wood, Crane and Guzman",15940 David Inlet Suite 447,Port Douglasshire,MT,06877,US
435,436,Small-Lewis,18510 Olson Inlet Suite 567,Port Dillon,SC,60916,US
436,437,Contreras-Hernandez,99663 Morgan Cape Suite 412,New Crystalport,OH,85063,US
437,438,Schneider Inc,890 Karen Parkway,North Dominiqueside,HI,02987,US
438,439,Buchanan-Sanchez,89569 Travis Brooks Suite 626,Port Allisonfurt,KS,12431,US
439,440,Petty PLC,2241 Kristopher Lodge,North Christina,MD,24285,US
440,441,Reeves LLC,52654 David Crest Apt. 339,South William,NY,50970,US
441,442,Adams LLC,617 Rick Fort Apt. 489,East Kathrynberg,ME,74982,US
442,443,Griffin-Mathis,58238 Ali Point,Williamsmouth,MP,81861,US
443,444,Delgado-Jackson,4946 Kirby Forest,Brandonside,OK,09667,US
444,445,Davis-Hale,846 Cheryl Unions,Nicolemouth,SC,34758,US
445,446,"Chavez, Sanchez and Bird",79502 Chelsea Avenue Apt. 268,Farmerside,CO,85579,US
446,447,"Jones, Johnson and Collier",156 Hughes Villages Apt. 175,South Albert,WA,03093,US
447,448,Becker-Fletcher,94337 Johnson Park,North James,GU,84182,US
448,449,Rodriguez-Ramirez,83999 Cameron Crossroad Apt. 249,New Jessica,KY,25647,US
449,450,"Johnson, Booker and Byrd",870 Davidson Run Apt. 566,Davidhaven,NH,65456,US
450,451,Holmes-Williams,46875 Philip Isle,New Lindseybury,UT,56051,US
451,452,Stark and Sons,4110 Reynolds Burg,Marybury,CT,62573,US
452,453,Benjamin Inc,319 Duran Road Suite 911,North Nicholasland,WY,17217,US
453,454,Ellison Group,9611 Anita Hill,Moraleschester,IN,79088,US
454,455,"Hanson, Chavez and Marshall",915 Shawn Isle Apt. 110,New Kristineborough,MH,75633,US
455,456,Walsh LLC,7972 Devin Cape Apt. 249,Palmerstad,ME,77003,US
456,457,"Rowe, Hernandez and Parker",5089 Brian Parkways Apt. 653,Lake Rebekah,WY,09466,US
457,458,Lopez-Alvarez,599 Jensen Manor Suite 217,South Jeffreytown,SC,29733,US
458,459,"Hall, Hanson and Allen",636 Margaret Avenue Suite 015,New Dariusport,NV,25981,US
459,460,"Willis, Cannon and Williams",34234 Matthew Plaza,East James,HI,34814,US
460,461,Smith Ltd,1534 Allen Valleys,Donnahaven,AS,82185,US
461,462,Johns-Jones,33865 Greene Roads,North Kathryn,OR,25286,US
462,463,"Phillips, Hernandez and Wright",89731 Gibbs Ridges Apt. 286,Victormouth,HI,42683,US
463,464,"Brooks, Neal and Baldwin",4969 Jamie Flats Suite 363,Ronaldfurt,OK,21106,US
464,465,Scott-Miller,7853 Steven Road,Ronaldmouth,NE,54103,US
465,466,Ballard-Stewart,27341 Valenzuela Hill Apt. 431,North Michaelside,ID,44247,US
466,467,Leonard LLC,439 Yesenia Terrace Suite 044,Kristafurt,MO,76516,US
467,468,"Smith, Valdez and Hays",3337 Zachary Turnpike,Sharpmouth,MA,11756,US
468,469,Singleton-Patterson,77805 Barbara Crossroad Suite 075,Jeremiahchester,TX,99149,US
469,470,Farmer-Vaughn,9090 Eric Isle Suite 636,New Paulfort,CT,43602,US
470,471,"Hayden, Fowler and Torres",82097 Jacob Cliff,Campbellbury,LA,86952,US
471,472,"Jones, Brown and Stone",6621 Amanda Neck,South Stephanieborough,DC,27459,US
472,473,Reynolds-Mckinney,99493 Hill Avenue Apt. 716,New Mark,OK,64851,US
473,474,Ford-Williams,7546 Robert Fall,Ellisburgh,UT,75030,US
474,475,Long Inc,48413 Jenkins Track,West Charlesville,NY,43232,US
475,476,Hayes-King,0176 Reese Walks,South Benjamin,KS,15532,US
476,477,"Stark, Murphy and Goodman",1183 Taylor View Suite 220,East Kellyside,WA,51730,US
477,478,Jones Inc,75230 Scott Causeway Apt. 647,New Adamfurt,WI,26943,US
478,479,Brooks and Sons,06005 Erin Circles,North Laura,MP,87547,US
479,480,Ramsey Inc,155 Colleen Plains Suite 613,North Michael,HI,02466,US
480,481,Valdez-Smith,3149 Williams Forge,Turnerfort,CT,93893,US
481,482,"Moody, Nielsen and Carroll",95625 Cynthia Spurs Suite 715,New Rhondamouth,MS,67482,US
482,483,"Harmon, Gordon and Bush",09143 Todd River,North Devinfort,LA,26979,US
483,484,Bennett Ltd,97524 Schneider Trace,New Latoyachester,SD,38309,US
484,485,Perez Ltd,3380 Laurie Square Apt. 968,Isaiahtown,CA,64941,US
485,486,Mckay Inc,21298 Joel Common,Hardyport,GA,95092,US
486,487,Sanchez and Sons,4973 Huffman Orchard,West Raymondburgh,NJ,58353,US
487,488,Wagner-Moss,0661 Larson Drives,West Oscar,ME,59955,US
488,489,Brooks-Obrien,2732 Adam Wall,Travischester,MO,97781,US
489,490,Cruz-Parker,0169 James Mews,Kelseystad,NY,93447,US
490,491,Reid-Richardson,663 Tim Via,Crystaltown,UT,87752,US
491,492,"Hernandez, Jacobs and Blackburn",3992 Darryl Course,Sandersshire,MH,11032,US
492,493,"Kent, Liu and Martin",4886 Gross Terrace Apt. 195,West Kaitlyn,WA,52663,US
493,494,"Parker, Benitez and Velasquez",16864 Jackson Landing,Lake Dennis,NM,24354,US
494,495,"Fry, Hayes and Olsen",02346 Sims Road,Port Danaland,LA,11734,US
495,496,Martinez-Brown,377 Albert Grove,Lake Branditon,CT,28166,US
496,497,"Conner, Bennett and Meyer",7596 Wood Junctions Suite 356,Bishopstad,VI,43788,US
497,498,Smith Ltd,209 Misty Harbors Apt. 579,Robertsonborough,AL,84134,US
498,499,Smith-Ward,573 Ross Ridge,West Ronniefort,TN,92185,US
499,500,Navarro LLC,289 David Underpass,West Marisaside,VI,61685,US
